x0,y0,z0,v0,x1,y1,z1,v1,x2,y2,z2,v2,x3,y3,z3,v3,x4,y4,z4,v4,x5,y5,z5,v5,x6,y6,z6,v6,x7,y7,z7,v7,x8,y8,z8,v8,x9,y9,z9,v9,x10,y10,z10,v10,x11,y11,z11,v11,x12,y12,z12,v12,x13,y13,z13,v13,x14,y14,z14,v14,x15,y15,z15,v15,x16,y16,z16,v16,x17,y17,z17,v17,x18,y18,z18,v18,x19,y19,z19,v19,x20,y20,z20,v20,label
0.35660133,0.19408005,-0.2661862,0.99995863,0.3697072,0.17721322,-0.24966457,0.99990976,0.34825525,0.1808806,-0.2487685,0.99990183,0.3835104,0.18462959,-0.11257587,0.9998217,0.34242064,0.18927921,-0.110777535,0.9998719,0.36684105,0.20816611,-0.21204379,0.999952,0.3501161,0.21004479,-0.21164325,0.9999539,0.42398077,0.26936886,-0.0023771813,0.99989796,0.3174962,0.26186174,-0.008230491,0.9999587,0.4452901,0.3832453,-0.10023235,0.9786427,0.29135087,0.37357262,-0.085155785,0.96401757,0.42748457,0.35066733,-0.39575642,0.98418874,0.30755275,0.36275905,-0.35657835,0.97482383,0.4040846,0.46785337,0.010447231,0.9994245,0.34053233,0.471264,-0.010447469,0.9996581,0.41173944,0.6407941,-0.009228688,0.96881396,0.3510172,0.64304024,-0.034167767,0.99112034,0.4273478,0.80326754,0.12017478,0.97482944,0.34990615,0.79695195,0.123051465,0.9880504,0.41923976,0.82240605,0.12272346,0.91476685,0.3568459,0.8142525,0.12808928,0.87797356,idle
0.35794884,0.19396357,-0.27177298,0.99996144,0.37088835,0.17720397,-0.25439847,0.99991596,0.34924516,0.18073912,-0.2542384,0.99990857,0.3843313,0.18472575,-0.114591755,0.99983424,0.34302303,0.18926038,-0.11615889,0.9998816,0.36801326,0.20813698,-0.21679886,0.99995536,0.35113215,0.20997366,-0.217344,0.9999573,0.42427522,0.2694439,-0.0043828087,0.9999043,0.31780472,0.26185286,-0.014312809,0.9999609,0.445759,0.38318384,-0.10526911,0.9794106,0.2915546,0.37439975,-0.09139245,0.9656867,0.4281035,0.3508426,-0.4044459,0.98471034,0.30856997,0.36324787,-0.35965654,0.9757422,0.4045567,0.4679039,0.011341307,0.9994431,0.3410783,0.47130844,-0.011353527,0.9996655,0.41187486,0.6408215,-0.0072398717,0.97085595,0.35101652,0.6430412,-0.033870954,0.9913224,0.42732567,0.8033593,0.12213268,0.9765134,0.3498883,0.79696745,0.12338743,0.98844177,0.41923872,0.8224636,0.12454544,0.91687286,0.3567584,0.8142128,0.12843342,0.8785423,idle
0.3586577,0.19393092,-0.27914113,0.99996406,0.37162787,0.17719527,-0.26216242,0.99992186,0.34978807,0.18071888,-0.26173553,0.99991477,0.38502058,0.18485579,-0.12261065,0.9998461,0.34343126,0.18926635,-0.12327895,0.9998905,0.36879843,0.20811751,-0.2242521,0.99995846,0.35187164,0.20991936,-0.22446232,0.9999604,0.42482108,0.2697378,-0.011080217,0.99991053,0.31836528,0.26209047,-0.01960298,0.9999629,0.44627422,0.38380113,-0.11221868,0.9801757,0.29210287,0.3750641,-0.093413666,0.9670586,0.42855987,0.351216,-0.41058525,0.9852527,0.3089433,0.3636729,-0.35913786,0.976444,0.4050427,0.4678801,0.011788132,0.9994632,0.34163928,0.47101912,-0.011807058,0.9996734,0.41202697,0.6405354,-0.0077612475,0.9725645,0.35103494,0.6426571,-0.03509419,0.99139875,0.4272015,0.8034875,0.12007314,0.97800094,0.34987214,0.7969324,0.12302049,0.98871034,0.41911656,0.8226968,0.1220455,0.91878754,0.35672253,0.81417817,0.1280168,0.87823325,idle
0.35888052,0.1938104,-0.27588144,0.9999666,0.37170425,0.17718925,-0.25873128,0.9999276,0.35003027,0.180539,-0.2581883,0.99992067,0.38524702,0.18488573,-0.11947986,0.9998576,0.3437763,0.18925712,-0.11938603,0.9998987,0.36910346,0.20807336,-0.22117312,0.9999615,0.35221797,0.20979744,-0.22119026,0.99996334,0.42533785,0.26981932,-0.009662382,0.99991703,0.31873623,0.2622408,-0.0164695,0.9999648,0.44657236,0.38448524,-0.10980036,0.9810361,0.29244065,0.37545496,-0.089836225,0.9682443,0.42895675,0.35269913,-0.40631765,0.9859322,0.30919662,0.36453363,-0.35604593,0.97706455,0.40541998,0.4679188,0.012253331,0.9994844,0.3420495,0.47104603,-0.012277582,0.99968123,0.41206878,0.640575,-0.007210729,0.9742154,0.35116726,0.64265615,-0.034763344,0.9915132,0.42708713,0.80353343,0.12078426,0.9794305,0.34979877,0.7969345,0.12434608,0.9889941,0.41906396,0.8227278,0.12285664,0.92074716,0.35629943,0.8141018,0.1295046,0.8780016,idle
0.35959995,0.19354145,-0.27426633,0.99996877,0.3721612,0.17714316,-0.25675076,0.99993247,0.35054293,0.18038467,-0.2566777,0.9999258,0.38554874,0.18489198,-0.11683756,0.9998673,0.3441223,0.18924755,-0.11864807,0.9999059,0.36984083,0.20793614,-0.21932861,0.99996406,0.35296756,0.20959574,-0.21993724,0.9999659,0.42566338,0.27010557,-0.007876559,0.9999224,0.31917614,0.26252237,-0.017860044,0.9999664,0.4471492,0.3845963,-0.10824357,0.98162585,0.29276782,0.3754699,-0.09033172,0.969415,0.42953762,0.3530742,-0.40392104,0.98637694,0.3093564,0.36466733,-0.35406265,0.9775581,0.40568715,0.46793786,0.013321271,0.9995001,0.3424125,0.47099507,-0.013349125,0.9996857,0.41222286,0.6403338,-0.0064645386,0.9755194,0.351237,0.64226854,-0.03545323,0.9914935,0.42675996,0.80353916,0.121241316,0.9805839,0.34974504,0.79691315,0.12434534,0.9891133,0.41891965,0.82277685,0.1233508,0.92203665,0.35581604,0.8140394,0.12950498,0.8766242,idle
0.36003286,0.1936684,-0.2729642,0.9999706,0.3725833,0.17751202,-0.25493982,0.9999367,0.35084614,0.18082228,-0.25556833,0.9999304,0.38578898,0.18514872,-0.114212774,0.99987555,0.34432453,0.18969281,-0.11818664,0.9999125,0.37032837,0.2081198,-0.21742001,0.99996626,0.3534058,0.2098081,-0.21888053,0.9999682,0.42569295,0.27074093,-0.0045573083,0.9999269,0.31920427,0.26361513,-0.01955017,0.9999677,0.44745904,0.38478085,-0.10468751,0.9821419,0.2929129,0.37604514,-0.094478995,0.97077006,0.4299078,0.35317847,-0.40091506,0.98675585,0.3096489,0.36499873,-0.3562801,0.97823966,0.40571564,0.46855575,0.014431024,0.9995111,0.3425482,0.47173303,-0.014450528,0.9996869,0.41235152,0.6403211,-0.0054950463,0.97666913,0.3512632,0.6423063,-0.036276255,0.9914452,0.42646056,0.80354685,0.12236854,0.98157007,0.34949952,0.7969233,0.12431528,0.9891654,0.41874018,0.8228633,0.124510065,0.92332506,0.355027,0.81406236,0.12949765,0.8752674,idle
0.36086518,0.19394848,-0.2811267,0.9999722,0.3732106,0.17803831,-0.2629859,0.99994034,0.35144243,0.1813317,-0.26406035,0.9999342,0.38615662,0.18561032,-0.11980432,0.9998829,0.34454733,0.19025186,-0.12633622,0.99991804,0.37092936,0.20852904,-0.22484198,0.9999681,0.35407072,0.21031074,-0.226819,0.9999701,0.4258617,0.27137804,-0.0073810443,0.999931,0.3194237,0.2650543,-0.026133284,0.9999685,0.44805145,0.38479358,-0.10757737,0.98257995,0.293059,0.37639385,-0.10266576,0.9718906,0.42987722,0.35325786,-0.406639,0.9869687,0.3103885,0.36506733,-0.36416346,0.9785722,0.40575737,0.4685954,0.014235377,0.99951833,0.34266388,0.4718562,-0.014253793,0.9996849,0.41254705,0.63984776,-0.0055742366,0.9776909,0.35131672,0.642279,-0.035918653,0.99130344,0.4263843,0.80338293,0.12229383,0.9824566,0.34948727,0.7968401,0.12444291,0.9891173,0.4187408,0.8225957,0.12440623,0.92368066,0.35485274,0.8140099,0.12961191,0.8731418,idle
0.36151105,0.19388957,-0.2732262,0.99997395,0.37373853,0.17802192,-0.25293645,0.99994427,0.35182124,0.18121837,-0.25751573,0.99993825,0.38642353,0.18566401,-0.10446255,0.99989086,0.34467202,0.19025365,-0.12406832,0.9999237,0.37139347,0.20851347,-0.21403237,0.9999702,0.35455173,0.21029077,-0.22005649,0.9999721,0.42586097,0.27145785,0.0095596155,0.9999358,0.31979582,0.2652265,-0.0229367,0.9999698,0.44833422,0.38468966,-0.08918117,0.9831212,0.29380634,0.37618935,-0.101572834,0.97289103,0.42992228,0.35381967,-0.39422655,0.9874347,0.31070125,0.36533773,-0.36058614,0.97912025,0.40578008,0.46852016,0.015069027,0.99953264,0.34278214,0.47182518,-0.015072842,0.9996884,0.41272703,0.63933146,-0.0050348965,0.97880685,0.35132137,0.64231604,-0.038192265,0.99130696,0.42639333,0.803297,0.122654125,0.98333275,0.3494759,0.7968162,0.12119373,0.9892519,0.41889754,0.8224401,0.12477352,0.9241972,0.35478717,0.81402665,0.12616536,0.87226653,idle
0.3622691,0.19334887,-0.27099758,0.9999757,0.3743154,0.17795372,-0.25200927,0.999948,0.35231113,0.18062052,-0.25453633,0.99994236,0.38665968,0.18581595,-0.10340772,0.9998983,0.34476447,0.19024485,-0.11911787,0.99992925,0.37192446,0.20830648,-0.2134176,0.99997216,0.35500905,0.20981303,-0.21738982,0.9999741,0.4259398,0.27161735,0.008346243,0.99993956,0.31995332,0.2665363,-0.019361235,0.99997085,0.44896832,0.3846544,-0.09153042,0.98350006,0.29408148,0.37625873,-0.09874415,0.9738663,0.42990956,0.3539887,-0.39976355,0.98760825,0.31082985,0.3674743,-0.3460791,0.9793414,0.40583414,0.46852848,0.01511984,0.9995438,0.34283188,0.47191578,-0.015126089,0.9996914,0.4128728,0.6391761,-0.0043016043,0.9799366,0.35129067,0.64282984,-0.037780713,0.99144053,0.4263916,0.8032668,0.12391621,0.9842766,0.34946746,0.7968198,0.12131733,0.98952645,0.41895956,0.8224645,0.12610331,0.9255758,0.35477704,0.8140744,0.12630741,0.8724524,idle
0.3626498,0.19350871,-0.2629829,0.9999772,0.3745908,0.17844681,-0.24355991,0.99995124,0.3524967,0.1809179,-0.24650685,0.99994576,0.38675988,0.18643525,-0.09741964,0.9999048,0.34480867,0.19084577,-0.11266123,0.9999341,0.37231925,0.20860237,-0.2058276,0.99997395,0.35529086,0.21020144,-0.21011046,0.9999758,0.426135,0.27241385,0.01322114,0.9999431,0.32001823,0.26826754,-0.01822534,0.99997187,0.44953734,0.3846801,-0.08545257,0.983772,0.29438177,0.37624055,-0.08893373,0.97473043,0.43023553,0.35534328,-0.38577282,0.9876806,0.31086046,0.368919,-0.33031029,0.9793448,0.40589285,0.47053036,0.015559244,0.9995555,0.34292015,0.47414315,-0.015562095,0.9996949,0.41299438,0.6405811,0.00068396365,0.98107874,0.3512606,0.6454325,-0.03582091,0.9916871,0.4263657,0.8032661,0.13232288,0.9851808,0.34939295,0.79680324,0.12645116,0.9898536,0.41895795,0.8224896,0.1349717,0.92709315,0.35470265,0.814006,0.13180318,0.87337875,idle
0.3631859,0.19350447,-0.26586312,0.99997836,0.37495607,0.17845164,-0.246214,0.99995375,0.35269052,0.18084073,-0.24976942,0.99994856,0.38681948,0.18681103,-0.098676726,0.99991006,0.34479266,0.19098169,-0.117620036,0.99993825,0.37278125,0.20868562,-0.20869729,0.9999754,0.35559863,0.21021718,-0.21385774,0.99997723,0.42596334,0.27239764,0.0117004365,0.9999457,0.3200641,0.26922175,-0.02256871,0.9999724,0.44983274,0.38339567,-0.08639674,0.98382723,0.29511482,0.37621707,-0.08862625,0.97537136,0.4305862,0.35531896,-0.39160913,0.98736924,0.31082982,0.37085655,-0.32991996,0.9790114,0.40615934,0.47051266,0.015508992,0.99955904,0.34315917,0.47430858,-0.015513167,0.99969137,0.4131009,0.64155155,0.001661293,0.9819863,0.35121015,0.6455812,-0.03477865,0.99181134,0.42646623,0.8032682,0.13088866,0.9858454,0.34938255,0.7967579,0.12600578,0.9900206,0.41919342,0.8225097,0.13333715,0.927015,0.35464823,0.81393254,0.13111107,0.8727923,idle
0.3632209,0.19517513,-0.297894,0.9999795,0.3751263,0.1807703,-0.27901375,0.9999562,0.35278052,0.1831988,-0.28193423,0.9999514,0.38694057,0.1884724,-0.13259786,0.9999147,0.34479308,0.19334343,-0.1478444,0.99994236,0.37298572,0.21072568,-0.24069111,0.99997675,0.35563678,0.2125315,-0.2450809,0.99997866,0.42594346,0.27356008,-0.017325658,0.9999471,0.32002777,0.27176446,-0.048866436,0.9999731,0.45048174,0.3839251,-0.11882541,0.9838951,0.29514143,0.37683013,-0.10957094,0.9763246,0.4305706,0.35563764,-0.4295593,0.98711014,0.31075877,0.37540522,-0.34664136,0.9789716,0.40617505,0.47174847,0.015437903,0.9995588,0.34317937,0.47595292,-0.015443543,0.99969083,0.41283864,0.64262307,0.001287902,0.9827023,0.35112104,0.6459744,-0.033531405,0.99195504,0.42637438,0.8033905,0.1297604,0.98648226,0.34932357,0.79678065,0.1263985,0.9902468,0.41913477,0.8228502,0.13216642,0.92852247,0.35451108,0.81454337,0.13140589,0.8738435,idle
0.36418957,0.19517837,-0.2682698,0.9999809,0.37559214,0.1808472,-0.24718018,0.99995935,0.35350388,0.1831667,-0.25235027,0.9999549,0.38718805,0.18885346,-0.09582567,0.9999209,0.34502807,0.19345978,-0.12185049,0.9999469,0.37364897,0.21081853,-0.20919497,0.9999784,0.35656148,0.21252613,-0.21680064,0.9999803,0.42587382,0.2733831,0.018192548,0.9999506,0.31996804,0.27179143,-0.028320992,0.99997437,0.45063835,0.38337305,-0.08320171,0.98434114,0.2951607,0.37682706,-0.093455106,0.9772257,0.43155232,0.35561973,-0.3995886,0.98761785,0.31065622,0.3754693,-0.33961594,0.97963125,0.40622282,0.4720763,0.01741224,0.9995725,0.3433772,0.4764019,-0.017392766,0.9996971,0.41288757,0.64326566,0.0036968612,0.98328924,0.3511113,0.6469643,-0.037423678,0.99206686,0.42588258,0.803628,0.13016814,0.9869865,0.34916455,0.79692066,0.11764382,0.9904861,0.4182338,0.8239279,0.13248011,0.9303117,0.35426837,0.8163584,0.12220301,0.8751576,idle
0.36518946,0.19515483,-0.27715993,0.999982,0.37630075,0.1808032,-0.25653473,0.99996173,0.35431167,0.18316586,-0.26167667,0.99995744,0.38800365,0.18903567,-0.10306945,0.9999256,0.34544867,0.19370809,-0.13039891,0.99995047,0.37469882,0.21083252,-0.21777149,0.9999796,0.35768384,0.21250346,-0.22532651,0.9999815,0.42585903,0.27340758,0.015404667,0.9999531,0.31996483,0.27176148,-0.03504391,0.9999751,0.45062837,0.38325897,-0.08543042,0.9845519,0.29583734,0.37680623,-0.105979405,0.9782041,0.43161583,0.35643563,-0.39787874,0.9879919,0.31232777,0.37500608,-0.35588157,0.9803765,0.4062447,0.47206154,0.017923646,0.9995766,0.34339443,0.47634056,-0.017892985,0.99969834,0.41299814,0.6426547,0.0024734265,0.98371094,0.35108835,0.64667964,-0.040277753,0.99201494,0.4256679,0.8034536,0.12634084,0.98729664,0.34915656,0.7969378,0.113733865,0.9905656,0.4177317,0.82404613,0.12821785,0.9314145,0.35447997,0.81699026,0.118034564,0.87588346,idle
0.36732155,0.19566146,-0.2802636,0.99998295,0.37751788,0.18166807,-0.25999147,0.9999638,0.35577986,0.18384379,-0.26523787,0.99995977,0.38914594,0.18981522,-0.10693767,0.99992967,0.3460405,0.19427864,-0.13488977,0.99995375,0.37635592,0.21166535,-0.22097501,0.9999807,0.35954544,0.21319452,-0.22860715,0.9999826,0.42584372,0.2734278,0.012979582,0.99995524,0.31996363,0.27226526,-0.038788464,0.99997574,0.450638,0.38234502,-0.08558781,0.9844364,0.296108,0.37705046,-0.10381375,0.9789379,0.4317577,0.35767707,-0.39742827,0.9879416,0.31252688,0.3755285,-0.35110682,0.98063123,0.40632448,0.47206274,0.020202944,0.99958104,0.34340185,0.47629154,-0.02016982,0.9996989,0.41343004,0.64231217,0.0022078743,0.98401874,0.35110304,0.64668185,-0.04425124,0.9920405,0.42556113,0.8034557,0.12346621,0.9876531,0.34911323,0.7970295,0.10691128,0.99072737,0.41722664,0.8251112,0.12503412,0.93303484,0.3543728,0.81747437,0.110938,0.8766807,idle
0.36799246,0.19871232,-0.28012162,0.99998367,0.37800962,0.18411432,-0.2604087,0.9999654,0.35608932,0.18709536,-0.26524845,0.99996156,0.38966322,0.19093165,-0.109236754,0.99993294,0.346259,0.19646658,-0.13460265,0.99995655,0.3770291,0.21454866,-0.22132659,0.9999816,0.36034,0.21630356,-0.22828229,0.99998355,0.42585176,0.2734162,0.011805667,0.99995697,0.31996995,0.27425724,-0.03828921,0.99997634,0.45092398,0.3818795,-0.08885708,0.98445266,0.2971013,0.37736124,-0.103140794,0.9796799,0.43240887,0.35765573,-0.4065147,0.9878424,0.3125627,0.37800756,-0.33140153,0.9807311,0.40641946,0.47292233,0.019855155,0.99958146,0.3436316,0.47750404,-0.019827146,0.99969715,0.4138565,0.64230233,0.0011855065,0.98454744,0.3511472,0.64687926,-0.043421343,0.9920837,0.42552638,0.8032777,0.122464895,0.988071,0.34912038,0.7969459,0.10947379,0.9908528,0.41724005,0.82472557,0.1241158,0.9342707,0.35438016,0.81688136,0.11377142,0.87714803,idle
0.36876008,0.20337048,-0.3246926,0.99998397,0.3784091,0.1891143,-0.30511004,0.99996626,0.35671356,0.1926258,-0.3091907,0.9999627,0.3897763,0.19493824,-0.16004977,0.9999347,0.34654817,0.2031396,-0.1801102,0.99995804,0.3777849,0.21856764,-0.26850644,0.9999816,0.3615693,0.22111468,-0.27427432,0.9999836,0.42620286,0.27802184,-0.051947348,0.99995464,0.31985316,0.28335223,-0.083511725,0.99997425,0.45177346,0.3819129,-0.15384142,0.9836585,0.2993087,0.3828161,-0.15630491,0.97965676,0.43318272,0.36021033,-0.44999856,0.9862498,0.31336445,0.38108426,-0.39288446,0.9796227,0.40724754,0.4758439,0.017833909,0.99956733,0.34379226,0.4796507,-0.017851494,0.9996831,0.41550517,0.6424297,-0.011467632,0.98469526,0.3511399,0.6468929,-0.037596513,0.9918367,0.42552894,0.8031713,0.09914172,0.98823464,0.3491585,0.79693836,0.10947566,0.99064314,0.417246,0.824723,0.10002194,0.934022,0.3544535,0.8168671,0.11326643,0.87411374,idle
0.36845967,0.22369657,-0.38566935,0.9999832,0.37831292,0.2082564,-0.36945534,0.9999641,0.35659638,0.21261176,-0.36953685,0.9999595,0.3888386,0.21401861,-0.22891061,0.999932,0.3464319,0.22132842,-0.22982147,0.99995315,0.3775682,0.23959409,-0.33051774,0.99998003,0.36124253,0.24399337,-0.33093554,0.9999811,0.42570347,0.28961134,-0.11928209,0.99995047,0.31982762,0.2984533,-0.1187129,0.9999683,0.45186478,0.38410836,-0.21006778,0.9823778,0.30264398,0.38971475,-0.17110173,0.9753091,0.43955106,0.37922546,-0.47789526,0.98146653,0.3044062,0.42266825,-0.4072109,0.9664718,0.40757704,0.4838816,0.008949732,0.9995341,0.34450993,0.4883951,-0.008940057,0.99965376,0.4180461,0.64361376,-0.02256397,0.9847775,0.35082033,0.6429359,-0.037390906,0.9917037,0.42672175,0.8033698,0.0704661,0.9884055,0.34917575,0.79617596,0.09635669,0.99057025,0.4182516,0.8259712,0.06936717,0.9335108,0.35446697,0.8168585,0.09881243,0.87463886,idle
0.36488408,0.2556805,-0.51439387,0.9999832,0.3742953,0.23897229,-0.50384027,0.9999637,0.35317343,0.2423002,-0.5029022,0.9999587,0.38378814,0.24174553,-0.36260593,0.99993324,0.3440513,0.24917714,-0.3584904,0.99995285,0.37364283,0.2697077,-0.4561904,0.99997956,0.35803884,0.27151197,-0.45522222,0.9999802,0.4208923,0.30397594,-0.22530408,0.9999508,0.3180799,0.3185317,-0.22456077,0.99996775,0.451924,0.39166334,-0.3337626,0.9827088,0.30428016,0.40752855,-0.28685516,0.97406,0.44256082,0.3904968,-0.6045064,0.9794887,0.29078457,0.45874125,-0.5281255,0.96218294,0.4074827,0.48829767,0.005579532,0.9995353,0.3446977,0.49272537,-0.0055858535,0.9996556,0.42698246,0.643634,-0.06330453,0.98462,0.34947622,0.6415366,-0.08473267,0.99153495,0.4293128,0.7993685,0.04789014,0.9882917,0.34921208,0.7959667,0.05999888,0.99046296,0.41918755,0.8234971,0.04943978,0.9327274,0.35453078,0.8168184,0.064736,0.87470937,idle
0.35523775,0.30102995,-0.55688894,0.99998385,0.36378765,0.28295103,-0.54842114,0.9999651,0.34462172,0.2877864,-0.5464922,0.9999593,0.37646192,0.28047666,-0.4110104,0.99993736,0.33695298,0.2889051,-0.40112624,0.9999542,0.36502355,0.31275073,-0.4991722,0.99998045,0.35188514,0.31514415,-0.49652463,0.99998057,0.41614985,0.33251858,-0.2644202,0.9999545,0.31474152,0.34972873,-0.25879183,0.999969,0.4561321,0.4104644,-0.37723762,0.98403496,0.30418634,0.4396237,-0.31695122,0.97519284,0.4483207,0.41635528,-0.6440631,0.98052305,0.27975917,0.48771742,-0.5482031,0.963391,0.40706033,0.4986362,0.00449163,0.99956,0.34470683,0.5065671,-0.004481251,0.99966973,0.43546122,0.6436441,-0.10908433,0.98422927,0.3462114,0.6449251,-0.12032449,0.99102414,0.43958893,0.7978258,0.00035451917,0.9878343,0.348452,0.7959386,0.014683093,0.9898404,0.4300027,0.8229595,0.0025585196,0.9321126,0.35318476,0.8170551,0.019136738,0.8720376,idle
0.34614468,0.34574807,-0.65966165,0.9999846,0.35254666,0.32913777,-0.6536335,0.9999666,0.3357839,0.33344343,-0.64933616,0.9999606,0.36813906,0.32235968,-0.5199943,0.9999412,0.33038643,0.3307485,-0.49795222,0.99995756,0.3549061,0.35653055,-0.6018331,0.99998164,0.34448135,0.35842717,-0.59560585,0.9999817,0.41227093,0.3654222,-0.35096028,0.9999584,0.30963337,0.38413194,-0.3315757,0.9999717,0.45876426,0.4493675,-0.48149985,0.98521274,0.29725236,0.47897908,-0.35399997,0.97697556,0.44749206,0.43369526,-0.74029124,0.9816333,0.26574594,0.5428715,-0.5267304,0.9657215,0.4070689,0.50556314,0.0020238855,0.9995908,0.34513193,0.5152859,-0.0019176326,0.999693,0.43882704,0.64475924,-0.1656173,0.9820109,0.3445432,0.6505974,-0.22162679,0.9901397,0.44756466,0.7976039,-0.05883352,0.9874295,0.3469602,0.79647964,-0.0594203,0.98916984,0.43781734,0.82148325,-0.05845555,0.9318515,0.35206667,0.8195931,-0.05300961,0.8742242,crouching_low_sweep
0.34380937,0.39428884,-0.7179588,0.9999855,0.34993413,0.3774288,-0.7127512,0.9999688,0.3325867,0.38426104,-0.7108907,0.99996245,0.36384308,0.36834967,-0.57535136,0.99994594,0.32401308,0.38345706,-0.56360734,0.99996114,0.352817,0.4030713,-0.65706986,0.99998295,0.34119448,0.4060049,-0.6538748,0.99998295,0.40876132,0.39589924,-0.3894228,0.99996215,0.30660588,0.42900693,-0.37690753,0.99997413,0.4588836,0.48292446,-0.51796395,0.98606896,0.29489905,0.52176934,-0.3491115,0.9784181,0.43212143,0.4310514,-0.76248085,0.9825098,0.25885907,0.5921533,-0.50349724,0.9674448,0.40934953,0.5147223,0.0011232093,0.9996283,0.34606922,0.5305268,-0.000942035,0.9997196,0.4448158,0.64554524,-0.22981691,0.9818695,0.34200147,0.66264683,-0.23520443,0.98956186,0.45119143,0.79507023,-0.07790314,0.98752373,0.34696534,0.79749876,-0.04704144,0.98890394,0.44286093,0.8180629,-0.0728534,0.9333675,0.35207826,0.819691,-0.038259216,0.87995636,crouching_low_sweep
0.33722582,0.44453272,-0.7233963,0.9999848,0.34392908,0.42619577,-0.7227596,0.9999677,0.32515016,0.43127185,-0.7171414,0.9999574,0.35548502,0.4131357,-0.60394204,0.99994653,0.31877738,0.4270786,-0.57686174,0.9999613,0.3463689,0.45426887,-0.6688061,0.9999832,0.3348301,0.4571707,-0.66129625,0.99998295,0.405795,0.42324287,-0.4302825,0.9999654,0.3024918,0.469048,-0.38214913,0.99997604,0.45370516,0.51613194,-0.54594755,0.98648536,0.29199967,0.5614338,-0.3408048,0.9781841,0.4042282,0.44186705,-0.7557343,0.98294365,0.25703636,0.6348635,-0.43531242,0.9660272,0.41022438,0.5413523,-0.0021772003,0.9996628,0.3473757,0.55819637,0.0024409923,0.9997427,0.45259148,0.65347517,-0.3307413,0.9798846,0.3351311,0.6762498,-0.30327246,0.98706806,0.45289713,0.79437983,-0.15346092,0.9859699,0.3453775,0.8033811,-0.099825695,0.9871917,0.4447302,0.81830496,-0.14605406,0.93071544,0.3520224,0.82458,-0.089768015,0.881188,crouching_low_sweep
0.33106172,0.4874894,-0.69130856,0.99998355,0.33737046,0.4671487,-0.6949353,0.9999656,0.31717193,0.47590473,-0.6838722,0.9999529,0.34875643,0.4528361,-0.60312384,0.99994373,0.31338304,0.47246423,-0.5514368,0.9999614,0.34249073,0.4949363,-0.6475687,0.9999832,0.33049583,0.5012955,-0.6329931,0.999983,0.40714303,0.46156275,-0.4449958,0.9999668,0.3016408,0.51314783,-0.37255812,0.99997795,0.43475875,0.55774087,-0.534054,0.9841635,0.2924122,0.5996782,-0.32236382,0.97585756,0.38193455,0.47401264,-0.6849356,0.98133904,0.26400018,0.66657674,-0.38550386,0.96339434,0.41314435,0.5640782,-0.0068094716,0.9996938,0.34995824,0.5830834,0.0071710036,0.9997648,0.45938545,0.6606225,-0.3785988,0.98014474,0.33046398,0.6835469,-0.35449016,0.9865502,0.45393676,0.79459774,-0.15046531,0.98579663,0.3451531,0.8061693,-0.11946783,0.98715353,0.44628605,0.81847733,-0.13723768,0.9308816,0.35194936,0.8251943,-0.10543767,0.8867082,crouching_low_sweep
0.32322055,0.53237,-0.75543106,0.99998456,0.32862687,0.51631063,-0.7632791,0.9999679,0.3112482,0.5220633,-0.74765146,0.99995583,0.34253034,0.50232184,-0.6823689,0.99994797,0.30844483,0.5170974,-0.610969,0.9999644,0.335137,0.5386828,-0.71556103,0.99998444,0.3231373,0.54254496,-0.6950724,0.99998426,0.40590706,0.5025031,-0.5103871,0.9999681,0.30166394,0.54166615,-0.42540914,0.9999798,0.4295312,0.59275603,-0.5749349,0.9823118,0.2951141,0.6263,-0.41336364,0.97084635,0.37956804,0.5175304,-0.66933775,0.97996336,0.267691,0.69731295,-0.51168203,0.9596354,0.41326156,0.58388674,-0.011926269,0.9997225,0.35059673,0.5965528,0.012325201,0.9997866,0.46100098,0.66242623,-0.37782055,0.9804724,0.32587403,0.6905235,-0.35962108,0.98569536,0.45244494,0.79037434,-0.14504376,0.9853828,0.3451679,0.81429297,-0.12326492,0.98731905,0.45151764,0.8151266,-0.13161154,0.93141896,0.3547814,0.83220994,-0.10935149,0.8944843,crouching_low_sweep
0.3143141,0.56504536,-0.81286794,0.99998593,0.3202133,0.5479477,-0.82094365,0.999971,0.3027588,0.55281204,-0.8047463,0.9999599,0.33710188,0.5343876,-0.73452795,0.9999531,0.30046362,0.5474514,-0.6618842,0.9999678,0.3253001,0.57244986,-0.7710498,0.99998593,0.31338412,0.5751011,-0.7503387,0.99998575,0.4021945,0.5320341,-0.57285124,0.9999708,0.29506257,0.5684466,-0.4764877,0.99998134,0.43254167,0.6265364,-0.70809114,0.98044544,0.29859322,0.65011615,-0.53082615,0.9538211,0.37155217,0.5527151,-0.86584055,0.9775574,0.26951185,0.7182854,-0.69701284,0.9390418,0.4099974,0.60696244,-0.0109416,0.99974936,0.34661448,0.6284841,0.011205422,0.99980617,0.46377176,0.6745567,-0.36316672,0.9808225,0.317012,0.6995556,-0.32765776,0.98480475,0.4511803,0.7898005,-0.02109972,0.98437613,0.34537798,0.8132465,0.02342084,0.9869828,0.45076758,0.81249547,0.00753439,0.9306262,0.355619,0.8237745,0.052316647,0.8974122,crouching_low_sweep
0.30398285,0.58208185,-0.71207297,0.99998605,0.30925542,0.5630467,-0.7022724,0.9999723,0.29263872,0.57268625,-0.70307165,0.9999607,0.32409608,0.5457853,-0.6128944,0.99995655,0.29247695,0.5665949,-0.5515756,0.9999695,0.31697243,0.5882229,-0.6529926,0.999987,0.3054078,0.5936356,-0.6440289,0.9999865,0.39038867,0.55470574,-0.4716471,0.9999684,0.29460126,0.59473544,-0.388648,0.9999805,0.43171597,0.64039737,-0.5792672,0.97644365,0.29832548,0.6569284,-0.42443737,0.92670524,0.36258247,0.59967726,-0.74811965,0.97038305,0.2703462,0.7307953,-0.5674505,0.9121899,0.4088602,0.62643313,-0.009175543,0.9997658,0.34633395,0.64556116,0.009404682,0.9998123,0.47342476,0.69656837,-0.32976106,0.9793985,0.30992064,0.7011228,-0.30782261,0.98321354,0.4507276,0.7901573,-0.029850522,0.9817831,0.3461507,0.80983645,-0.004095999,0.98605925,0.44551006,0.8126033,-0.006607391,0.9267612,0.3562914,0.8174379,0.018281441,0.9000146,crouching_low_sweep
0.2898974,0.58917844,-0.45587778,0.99998415,0.29356134,0.5721386,-0.46898428,0.9999695,0.2789108,0.5810257,-0.45061812,0.9999577,0.30797464,0.5588991,-0.437352,0.9999559,0.28060806,0.5783163,-0.35134208,0.9999694,0.30324954,0.5951306,-0.4352736,0.9999866,0.2919371,0.6016121,-0.4109896,0.9999863,0.37222713,0.5522428,-0.3329813,0.99996156,0.2884651,0.59097946,-0.22968093,0.99998134,0.4181311,0.640138,-0.37236184,0.9730187,0.29054624,0.6665217,-0.15661363,0.91524094,0.34975517,0.62996984,-0.43844527,0.9589616,0.27209288,0.7496811,-0.19109422,0.8944224,0.40774792,0.6576586,-0.01295349,0.99977237,0.3476386,0.66709304,0.013156271,0.99982,0.48394546,0.70854,-0.27170268,0.97913057,0.30534855,0.7097282,-0.2872174,0.98409647,0.45241246,0.79302853,-0.0019720339,0.9795542,0.3460409,0.8041195,-0.014945313,0.9865846,0.44457608,0.8123219,0.020339144,0.9265862,0.35624355,0.80968064,0.010305669,0.9079498,crouching_low_sweep
0.27481872,0.58890235,-0.43907627,0.9999529,0.27937648,0.568611,-0.44603744,0.9998908,0.2644233,0.58108,-0.42731652,0.9998821,0.2937666,0.5561895,-0.40427995,0.9998792,0.2666725,0.5799243,-0.31768757,0.9998928,0.28871077,0.59483045,-0.41780847,0.99997276,0.27844575,0.6032086,-0.39309552,0.9999753,0.36188605,0.5651188,-0.32553166,0.9999106,0.28457865,0.61587185,-0.20270889,0.999969,0.4107821,0.6648271,-0.37438992,0.9653532,0.29124287,0.7039848,-0.17589295,0.89812535,0.33524758,0.6634882,-0.4095865,0.94764256,0.27735573,0.793662,-0.24069163,0.8748635,0.4060215,0.6781115,-0.019933866,0.9997641,0.34912592,0.69806844,0.02002757,0.9998048,0.48792395,0.714321,-0.27173975,0.9794104,0.30183354,0.71915567,-0.24935463,0.98488027,0.45450467,0.79306626,-0.00045975266,0.9747403,0.34597358,0.8039747,-0.027612051,0.98692644,0.44352832,0.80950886,0.024110358,0.9219142,0.35615247,0.8091755,-0.0034967635,0.91510886,crouching_low_sweep
0.26214498,0.5857011,-0.32105368,0.99992865,0.26542667,0.56574154,-0.3233414,0.99983543,0.25127965,0.58161026,-0.30785793,0.99984217,0.27973828,0.5546292,-0.27873838,0.9998374,0.2525034,0.5857468,-0.20535973,0.9998394,0.27556628,0.5928546,-0.30071807,0.99996614,0.26541412,0.60174507,-0.2796759,0.9999674,0.3444689,0.5676919,-0.2293297,0.99990535,0.2794835,0.6312281,-0.121201515,0.9999454,0.38525823,0.6294205,-0.30664843,0.9633511,0.29145628,0.71805423,-0.10413295,0.88386226,0.32418206,0.6704149,-0.3904224,0.9474624,0.28126204,0.79479706,-0.17252174,0.8693023,0.40537137,0.68544257,-0.017724963,0.99977833,0.35394928,0.7100582,0.017706614,0.99980897,0.48767552,0.7114407,-0.27062327,0.98039836,0.3069336,0.719033,-0.23667713,0.98544633,0.4552606,0.79378706,-0.023448806,0.97225326,0.3457797,0.80343884,-0.08290839,0.98737454,0.4428876,0.8056375,0.02345852,0.9202281,0.35386053,0.8082462,-0.067975834,0.92184424,crouching_low_sweep
0.25338387,0.57660925,-0.2768316,0.9998983,0.25758475,0.5576994,-0.27924657,0.9997588,0.24461004,0.5713764,-0.26454148,0.9997754,0.27178648,0.5473364,-0.23640922,0.99977225,0.24789432,0.5740793,-0.16680397,0.99978346,0.26691177,0.581078,-0.25722533,0.9999574,0.25763348,0.5892403,-0.23711133,0.9999599,0.32749295,0.55891097,-0.20069353,0.99990255,0.270199,0.6307046,-0.09305446,0.9999304,0.3600902,0.63173854,-0.30949926,0.959518,0.29041076,0.71991843,-0.07629043,0.8647676,0.29437038,0.665302,-0.43839186,0.94841206,0.2815342,0.796771,-0.14513864,0.8646938,0.40160933,0.6838018,-0.015234021,0.9997968,0.35314995,0.71758854,0.014872186,0.99982053,0.4849701,0.7041906,-0.28058022,0.9815613,0.30924398,0.7252057,-0.29606125,0.9863388,0.45477977,0.79761875,-0.06104648,0.97157055,0.34437153,0.8045342,-0.14699847,0.98748446,0.43856138,0.80670565,-0.03560231,0.9213914,0.3533407,0.8093077,-0.13202456,0.9274572,crouching_low_sweep
0.25511283,0.56294805,-0.28988236,0.9998638,0.2588267,0.54376817,-0.28518498,0.999613,0.2442952,0.56076866,-0.27436525,0.9996929,0.2725845,0.5338294,-0.2195715,0.9996064,0.24473377,0.5683421,-0.16848971,0.9996861,0.26788574,0.5677246,-0.26303017,0.99992824,0.25795344,0.5782892,-0.24816558,0.9999472,0.32186362,0.5468006,-0.18736567,0.99989855,0.26800603,0.62448484,-0.08538823,0.9999138,0.34020287,0.61370116,-0.29915246,0.96061313,0.28808796,0.7183947,-0.071139544,0.85179913,0.27929333,0.65733373,-0.41941947,0.95134383,0.28159422,0.80045384,-0.13759291,0.8671738,0.39427584,0.67954654,-0.0073484927,0.999815,0.34785584,0.7074374,0.0070658373,0.99983424,0.48156205,0.6985501,-0.2791652,0.98276615,0.31163955,0.71055275,-0.3271478,0.9871649,0.45433807,0.7989725,-0.07261331,0.97172487,0.34394485,0.80691963,-0.21120968,0.98817086,0.43625394,0.81040585,-0.053067338,0.9231001,0.35128498,0.8164168,-0.201323,0.9331209,crouching_low_sweep
0.2575156,0.55871856,-0.27000317,0.9998655,0.26029554,0.53824914,-0.26432583,0.99961925,0.24648711,0.55552405,-0.2530581,0.99969673,0.27158803,0.52853775,-0.19803406,0.9996236,0.24577066,0.56217134,-0.14415178,0.9996842,0.2699628,0.56170505,-0.24342915,0.9999304,0.2606735,0.57347095,-0.22767043,0.99994713,0.32351583,0.53856844,-0.18236797,0.9999071,0.26631442,0.6199698,-0.058795042,0.9999015,0.3549593,0.57474977,-0.32567605,0.96401745,0.28762454,0.716648,-0.04580948,0.83887094,0.30086806,0.6436566,-0.47480384,0.95574516,0.281687,0.79598886,-0.1316607,0.8694631,0.39707962,0.67645174,-0.015729185,0.99983186,0.3492345,0.7026108,0.01561531,0.999847,0.48262492,0.69598144,-0.2701167,0.9837998,0.3047317,0.708299,-0.32152316,0.9875916,0.4539616,0.8003692,-0.04904444,0.97112805,0.34222907,0.80680645,-0.13511647,0.9883871,0.4342355,0.8122368,-0.02559484,0.92243445,0.35025296,0.8165371,-0.122152194,0.93744284,crouching_low_sweep
0.26044673,0.55716103,-0.30357727,0.9998747,0.26165566,0.53608805,-0.29511172,0.9996462,0.24795708,0.5566145,-0.28848213,0.9997203,0.27151284,0.5258836,-0.20770347,0.9996555,0.24745388,0.56513804,-0.17327845,0.9997074,0.2735998,0.5581526,-0.2682443,0.999936,0.2646492,0.5726519,-0.25809878,0.9999509,0.3209986,0.5315844,-0.16125576,0.9999158,0.2699183,0.63112634,-0.07769479,0.9999029,0.3759697,0.5334469,-0.2867899,0.9671088,0.28826421,0.718831,-0.08840442,0.8388181,0.30621606,0.6240663,-0.43348798,0.9585266,0.28201514,0.7952302,-0.19687824,0.8724503,0.3975761,0.6723235,-0.022815522,0.99984753,0.35449383,0.69698507,0.022742406,0.9998595,0.48448354,0.69519603,-0.26705033,0.98514163,0.29571635,0.69249666,-0.24125735,0.98726326,0.45389414,0.80051357,-0.06406869,0.97239816,0.33492783,0.80714947,-0.1222677,0.98831856,0.43387523,0.81233066,-0.044441525,0.9245944,0.34477872,0.8188651,-0.11237719,0.9414804,crouching_low_sweep
0.26188877,0.55431694,-0.32051498,0.9998838,0.26206127,0.5337907,-0.3088661,0.999673,0.24914554,0.55623204,-0.30346912,0.9997423,0.27009946,0.52361304,-0.2101346,0.9996834,0.24812002,0.5655629,-0.18111861,0.9997273,0.274527,0.55454826,-0.28122848,0.99994063,0.26638928,0.57034665,-0.27269557,0.99995434,0.31984252,0.52742666,-0.15459065,0.99992365,0.2714745,0.6304301,-0.088002175,0.9999067,0.38222736,0.52097553,-0.28698033,0.9695144,0.28854865,0.71670365,-0.11066059,0.83821154,0.33131483,0.61418384,-0.45284706,0.96006954,0.2817312,0.79765874,-0.23153868,0.8704886,0.40210906,0.6647638,-0.021604534,0.9998616,0.35525748,0.6947835,0.021476101,0.9998719,0.48198947,0.6907279,-0.24473758,0.9856784,0.29703155,0.68585515,-0.3564098,0.98676634,0.45391884,0.8004852,-0.09889437,0.9708048,0.3327037,0.81997097,-0.34057564,0.9881079,0.43388873,0.8138097,-0.08669043,0.9227509,0.34405962,0.8324404,-0.34117904,0.9448406,crouching_low_sweep
0.26186866,0.5504434,-0.33764595,0.99988806,0.26149648,0.53003156,-0.32476136,0.99969155,0.24818298,0.5534076,-0.32009754,0.9997478,0.26866645,0.5196217,-0.21893013,0.9997055,0.24661687,0.5617741,-0.19338182,0.9997365,0.27503484,0.55128133,-0.2954118,0.9999445,0.26634783,0.5665282,-0.28780594,0.9999549,0.3161161,0.52654976,-0.16709901,0.9999309,0.268297,0.6247035,-0.092310384,0.9998986,0.37166125,0.5284412,-0.30261153,0.9721455,0.2881211,0.7089921,-0.07320702,0.8460925,0.32644233,0.6106941,-0.48040143,0.9635544,0.28265366,0.7926896,-0.16338813,0.87695885,0.40215594,0.66009116,-0.01585322,0.99987084,0.3556531,0.694269,0.015787216,0.9998628,0.48029375,0.6806246,-0.2667827,0.9848309,0.33158773,0.719983,-0.31569043,0.98439014,0.45580727,0.7992365,-0.08407399,0.9639493,0.3602683,0.798142,-0.123254254,0.97257614,0.43617195,0.81379884,-0.06683247,0.9083919,0.36349255,0.803334,-0.09875901,0.92785287,crouching_low_sweep
0.26315397,0.54817176,-0.3195116,0.9998954,0.26267916,0.5285309,-0.30384073,0.99971706,0.24888238,0.5490567,-0.30132705,0.9997654,0.2702023,0.5173536,-0.19209887,0.99972814,0.24495225,0.5554893,-0.17838413,0.99975246,0.27537906,0.54997385,-0.27569148,0.9999468,0.2668813,0.56511056,-0.271603,0.99995595,0.31540146,0.52470917,-0.1399366,0.9999364,0.26584622,0.61836207,-0.08716436,0.9998947,0.34606117,0.53495985,-0.28236157,0.9738602,0.2859661,0.70388275,-0.060751595,0.8526544,0.30328763,0.62929267,-0.48707324,0.9666778,0.28284127,0.79103816,-0.12531711,0.8820112,0.39747465,0.6584068,0.012812264,0.99987507,0.35595244,0.6899145,-0.012772813,0.9998547,0.48008198,0.67471975,-0.2211642,0.9706343,0.37568182,0.6583994,-0.35110527,0.9804291,0.4549479,0.7889122,-0.107532695,0.93637,0.42941937,0.753667,-0.24133034,0.9504269,0.43755,0.81039524,-0.09705718,0.88677555,0.43233985,0.7650608,-0.23002465,0.90361553,crouching_low_sweep
0.26574188,0.5434366,-0.30507773,0.99990314,0.26516956,0.52642417,-0.2927083,0.9997399,0.25184575,0.5476415,-0.29042062,0.99978256,0.27277914,0.51638836,-0.18940572,0.99974746,0.24662118,0.55297947,-0.17781746,0.99977076,0.2778566,0.5472434,-0.26279548,0.9999491,0.2690782,0.5623896,-0.25949976,0.9999586,0.31591737,0.52380824,-0.14233807,0.99994093,0.26427057,0.616422,-0.08685572,0.9999018,0.34581977,0.5611922,-0.24950282,0.9755113,0.28535482,0.7058991,-0.037720174,0.8543861,0.292154,0.64046776,-0.40205875,0.96901727,0.28381017,0.7923143,-0.08183133,0.8875104,0.39525235,0.6546828,0.017721888,0.9998768,0.35735267,0.6975956,-0.017717564,0.99986583,0.47927803,0.68053186,-0.065272436,0.9599923,0.3859169,0.6644743,-0.39742655,0.9778615,0.45477533,0.7896225,0.19043294,0.9030571,0.47480565,0.73899835,-0.2825118,0.9452676,0.43716893,0.8101498,0.21744034,0.86090827,0.48216534,0.75102735,-0.26930353,0.8917312,crouching_low_sweep
0.2681122,0.5387827,-0.19444636,0.99991024,0.26755017,0.52454007,-0.17943671,0.9997607,0.2522554,0.54154015,-0.18006544,0.9997979,0.27526486,0.515603,-0.07112231,0.99976385,0.24951065,0.551269,-0.07387728,0.9997881,0.27942047,0.54506683,-0.15069124,0.999952,0.26998907,0.5576316,-0.15160431,0.99996173,0.31449986,0.52523655,-0.040739547,0.9999454,0.26241478,0.61603004,0.005306418,0.9999106,0.32540968,0.5899605,-0.13770303,0.9731502,0.2852413,0.70819277,0.07587917,0.82562155,0.27591842,0.65683687,-0.2590887,0.9644023,0.28461766,0.7916762,0.07326565,0.8768388,0.3962961,0.6561142,0.028425645,0.9998715,0.35724953,0.70795596,-0.028445084,0.99987763,0.48465317,0.6828279,-0.009725292,0.9498936,0.41260248,0.66508794,-0.4253776,0.97755957,0.4538218,0.78973025,0.2196804,0.8769588,0.5337646,0.73538405,-0.3740634,0.94975865,0.43602782,0.81216145,0.24383314,0.8496405,0.54034746,0.76177615,-0.3688932,0.8950207,crouching_low_sweep
0.27599272,0.5348749,-0.2951335,0.99991876,0.27095062,0.52232563,-0.28368086,0.99978375,0.26040512,0.53743845,-0.27897757,0.9998174,0.27683744,0.51609683,-0.17197944,0.99978465,0.25087973,0.55101234,-0.16917688,0.9998088,0.28273135,0.54231477,-0.25311753,0.9999563,0.27758232,0.55338734,-0.2441046,0.99996537,0.3150638,0.53035504,-0.10766111,0.9999502,0.27225858,0.623617,-0.121146664,0.9999193,0.3167808,0.6101862,-0.190942,0.97259116,0.2856179,0.7071493,-0.011212038,0.8291069,0.26881656,0.66998607,-0.331969,0.96401954,0.2846958,0.78915334,0.092494205,0.87644106,0.39692467,0.6573326,0.055488758,0.99987406,0.36425042,0.7139477,-0.055690866,0.99988955,0.48511988,0.68104184,0.08284608,0.94257677,0.4607543,0.6663329,-0.3879885,0.97922367,0.45327654,0.7905662,0.3722566,0.870112,0.57420224,0.7389133,-0.29691046,0.9547018,0.43460244,0.8121901,0.4034074,0.85621357,0.5873197,0.7572888,-0.2897609,0.9033493,crouching_low_sweep
0.28214693,0.5328929,-0.30690354,0.99990153,0.27627817,0.5213187,-0.2855813,0.99978447,0.2669385,0.5364178,-0.29648373,0.99981624,0.27789554,0.51731455,-0.15478876,0.9997573,0.253349,0.5521042,-0.19801779,0.9998207,0.28825778,0.53966993,-0.25706422,0.9999262,0.2839747,0.55082905,-0.2682222,0.9999525,0.3139186,0.5437295,-0.05581414,0.9999447,0.27856487,0.6263924,-0.16328496,0.99991804,0.3047331,0.62818325,-0.10100676,0.9390142,0.2888815,0.7102697,-0.013203353,0.8356533,0.26291034,0.6975485,-0.22829387,0.9523946,0.28554645,0.7916221,0.030936157,0.87833375,0.39754054,0.6629565,0.065984175,0.99987173,0.37296617,0.7230341,-0.06596709,0.9998604,0.4894393,0.6701024,-0.08267146,0.93035364,0.48005247,0.7038531,-0.22329228,0.97793305,0.59031904,0.7154065,-0.12200557,0.8695437,0.5651375,0.7363767,-0.1711379,0.9524168,0.6039948,0.7396548,-0.1309565,0.8549896,0.57548654,0.7491418,-0.169897,0.89018804,crouching_low_sweep
0.29004934,0.53177345,-0.33829302,0.99989325,0.28521568,0.5211667,-0.301382,0.99976754,0.27486518,0.53522116,-0.33781165,0.9998198,0.28315467,0.5213145,-0.18035732,0.9996232,0.26112527,0.5518065,-0.27872637,0.99982864,0.29725283,0.5395011,-0.27110675,0.99984515,0.29124886,0.5496857,-0.3156346,0.9999243,0.31737843,0.56881344,-0.04199696,0.9998696,0.28958577,0.6227439,-0.2537387,0.9999054,0.306418,0.65255326,0.030978333,0.88942003,0.28933305,0.71001536,-0.24058239,0.84624165,0.26092574,0.72256887,0.022017043,0.9251867,0.28605285,0.7931834,-0.21197453,0.8855814,0.40495533,0.67495555,0.08564417,0.99986595,0.3807738,0.7342599,-0.08580298,0.9998116,0.5017914,0.6643029,-0.08693828,0.92884,0.49327272,0.7131771,-0.17461714,0.9764509,0.6327943,0.7016799,-0.12529771,0.87606794,0.5448071,0.7596674,-0.022052187,0.94601876,0.65833974,0.71152246,-0.13357869,0.8599811,0.5460953,0.7690246,-0.007897975,0.8744871,crouching_low_sweep
0.2980142,0.53203696,0.053482078,0.99985516,0.2943197,0.5214539,0.075124756,0.9997687,0.28288633,0.5351187,0.06049931,0.9998042,0.29357734,0.5251967,0.16457656,0.99963325,0.27108935,0.55141586,0.09837188,0.9998225,0.3055596,0.5407692,0.08713874,0.9998132,0.29807243,0.549837,0.06738148,0.9998995,0.32134575,0.57359236,0.17152454,0.9998632,0.2872759,0.6402616,0.082037285,0.99990946,0.31377357,0.6625237,0.086241335,0.8547787,0.29162517,0.7078878,0.09584816,0.8336479,0.2674283,0.72174424,-0.035856307,0.90737677,0.28220123,0.7606073,0.12032528,0.87159246,0.40838727,0.6882418,0.06659155,0.9998502,0.3815042,0.7468263,-0.06655125,0.9997945,0.5097007,0.6651976,-0.10908906,0.90047413,0.49302918,0.72029036,-0.24111025,0.9765947,0.6411513,0.7040281,-0.20171575,0.8582944,0.6200432,0.7376219,-0.2452456,0.94778174,0.66277534,0.7177864,-0.21366183,0.83833605,0.64672345,0.750456,-0.2500441,0.87756675,crouching_low_sweep
0.30482906,0.5329634,0.02254937,0.9998587,0.30313936,0.521836,0.04499984,0.99978673,0.28966945,0.5352032,0.036868908,0.99981624,0.3060624,0.52467406,0.14624783,0.9996622,0.28002787,0.5506676,0.10828505,0.9998355,0.3131564,0.5421852,0.05969563,0.99982315,0.30417538,0.5507012,0.048451673,0.9999054,0.33912235,0.5743044,0.14924681,0.99985826,0.2874873,0.63935727,0.11034218,0.99991596,0.3234555,0.6456749,0.0020173753,0.84818494,0.29112792,0.7124421,0.097786576,0.8267446,0.276353,0.70519996,-0.17753066,0.9069486,0.2832958,0.7837501,0.06242069,0.8674997,0.4161651,0.69294965,0.06611769,0.99984574,0.3841197,0.7506094,-0.06605604,0.99980295,0.5086614,0.6665577,-0.0828052,0.89190143,0.50664943,0.7211819,-0.2650439,0.97821116,0.5963521,0.72808814,-0.13262053,0.8514783,0.6428115,0.722675,-0.3602784,0.9516298,0.6065049,0.73195654,-0.14071053,0.83143896,0.6669144,0.73423916,-0.3720266,0.8856,crouching_low_sweep
0.30841535,0.53045684,0.110322855,0.9998698,0.30707502,0.520366,0.13386944,0.99980587,0.29456687,0.5301483,0.12420656,0.9998317,0.30855638,0.5236258,0.22752114,0.99969184,0.28293926,0.5447357,0.18024676,0.99985045,0.31597084,0.54093444,0.14307977,0.9998348,0.30762887,0.547674,0.12908667,0.9999124,0.3486652,0.56981355,0.20596531,0.99986106,0.28157777,0.6291516,0.16810627,0.99992377,0.34959075,0.63659483,0.06595406,0.8133725,0.2906319,0.7116312,0.19754381,0.82875323,0.294861,0.6836932,-0.08664341,0.8893164,0.28325927,0.78416175,0.23529203,0.8606746,0.41803807,0.69324124,0.057143748,0.9998504,0.37975022,0.7471234,-0.057221062,0.99980444,0.505751,0.66794527,-0.13809085,0.88477236,0.4871162,0.7151667,-0.2268399,0.97850657,0.6107874,0.71959907,-0.28541633,0.85023427,0.6184472,0.7279431,-0.28981605,0.94985425,0.6528424,0.74248785,-0.3018831,0.83150697,0.61200696,0.73393226,-0.2956155,0.8800749,crouching_low_sweep
0.30672348,0.52927285,0.0450127,0.99988276,0.308219,0.51900554,0.06910767,0.99982524,0.2940609,0.5271364,0.060289513,0.9998484,0.312364,0.523095,0.17833373,0.99972254,0.28329125,0.5407931,0.1350363,0.99986535,0.3146667,0.54045504,0.084408,0.9998512,0.30449703,0.5464232,0.071325034,0.99992114,0.35184982,0.5665696,0.18812299,0.99987423,0.2761017,0.62079215,0.15364796,0.99993134,0.39825267,0.57887554,0.042423435,0.8313772,0.2906083,0.7082924,0.19612584,0.8430823,0.33441076,0.5980222,-0.14664556,0.8997611,0.28326598,0.78395844,0.17037511,0.872345,0.4156088,0.70284945,0.060189527,0.99985915,0.37752837,0.7522632,-0.06012101,0.9998229,0.49845973,0.66879,-0.08511165,0.89217204,0.48067933,0.7122782,-0.3215185,0.9803331,0.49732676,0.76771903,-0.07335203,0.8465487,0.6244579,0.73272777,-0.41743535,0.9544267,0.45951843,0.78998214,-0.06712521,0.8338133,0.6475425,0.7432627,-0.42786846,0.89068633,crouching_low_sweep
0.3064334,0.52957284,-0.043555085,0.9998944,0.30918482,0.51899797,-0.02033439,0.99984264,0.2934845,0.5268443,-0.033117663,0.99986356,0.3145582,0.523691,0.09610613,0.9997502,0.28314227,0.5392777,0.035141394,0.99987876,0.31458053,0.5421628,-0.00039467533,0.99986607,0.30348215,0.5465467,-0.018611684,0.999929,0.3533992,0.57428825,0.14648233,0.99988526,0.27509674,0.62069756,0.062143676,0.99993813,0.4178869,0.58040196,0.016371712,0.84542793,0.2906079,0.70728046,0.09164347,0.85568434,0.37057105,0.5634919,-0.18648924,0.9071986,0.2834482,0.78701174,0.012507729,0.8817394,0.41170946,0.707363,0.07096438,0.9998571,0.37564418,0.7536972,-0.070927985,0.9998375,0.486533,0.66930306,-0.05029614,0.89821804,0.47428903,0.71135443,-0.328466,0.98184985,0.49107003,0.78216267,-0.067601845,0.8510378,0.61339885,0.7366796,-0.4283021,0.9582792,0.4846312,0.80375683,-0.065989025,0.84000844,0.6351048,0.75293434,-0.44024223,0.8998598,crouching_low_sweep
0.30407497,0.5292304,-0.06406139,0.9999046,0.30613342,0.5184337,-0.040491503,0.9998581,0.29091623,0.52618814,-0.051654875,0.9998769,0.31119865,0.5236293,0.07595512,0.9997746,0.28134206,0.53859025,0.022847397,0.9998906,0.3122452,0.542137,-0.021119904,0.9998792,0.30172884,0.5464705,-0.03678159,0.999936,0.34938186,0.57030225,0.13247123,0.99989533,0.27478284,0.6205939,0.04303152,0.99994415,0.41576815,0.57669914,-0.00640959,0.8588207,0.29059467,0.7067724,0.039620526,0.86650795,0.37795484,0.5697828,-0.2361184,0.91423315,0.2834162,0.7905645,-0.055536695,0.89023876,0.404239,0.7085286,0.079071574,0.99985486,0.3681327,0.75345796,-0.07902221,0.9998484,0.46641836,0.6688151,-0.05404859,0.899585,0.4664294,0.69647896,-0.3305747,0.9831281,0.46543798,0.79129666,-0.068831876,0.8510395,0.5888828,0.7330439,-0.41150236,0.9613938,0.49240106,0.8103081,-0.07091381,0.84476686,0.6135334,0.76310444,-0.4218573,0.90768677,crouching_low_sweep
0.29739004,0.528438,-0.14972678,0.9999122,0.30114016,0.5168767,-0.1310156,0.9998707,0.28421545,0.5261025,-0.13561681,0.9998873,0.30873525,0.52021116,-0.015910074,0.99979484,0.27533367,0.53899384,-0.036891963,0.9998993,0.3060016,0.53886735,-0.10503532,0.9998907,0.29453003,0.5459336,-0.11144315,0.9999421,0.3475222,0.5489972,0.045805402,0.9999053,0.27185634,0.62128824,0.032090466,0.9999496,0.4083794,0.57410735,-0.07826911,0.8726875,0.2905348,0.708575,0.082829624,0.87714726,0.35562712,0.5912277,-0.31197512,0.9223217,0.28267342,0.79398835,0.02202326,0.89873827,0.40244022,0.70237535,0.07007573,0.9998533,0.361967,0.74845606,-0.07002147,0.99986,0.47302967,0.6688314,-0.05099122,0.9008556,0.45209545,0.6726968,-0.36400384,0.983142,0.45749226,0.7982152,0.012485618,0.84386945,0.5756691,0.73527163,-0.3997981,0.9632155,0.43819293,0.8182573,0.0203151,0.8442827,0.5938773,0.76632124,-0.40495405,0.9134123,crouching_low_sweep
0.28553027,0.52946633,-0.06174905,0.99992037,0.28647596,0.5168447,-0.041161597,0.999883,0.2711183,0.5288925,-0.043695558,0.9998973,0.29638872,0.5171819,0.07047416,0.9998147,0.26533753,0.54199773,0.059496712,0.99990755,0.2960479,0.53868926,-0.020061377,0.99990124,0.2855622,0.54685855,-0.023206418,0.9999475,0.344459,0.5389985,0.119472995,0.9999143,0.26925614,0.6212064,0.10992874,0.9999534,0.39669663,0.5634267,-0.020707851,0.8847005,0.29027086,0.70844245,0.14688304,0.8811636,0.34624016,0.5965496,-0.2660491,0.92895037,0.282674,0.79441524,0.10234733,0.9031435,0.3969632,0.6888124,0.056067728,0.99985427,0.35760936,0.7392312,-0.055832516,0.99984574,0.43550736,0.6431844,-0.2211856,0.90914345,0.42606735,0.6447682,-0.34000093,0.9836251,0.4588121,0.78998744,-0.24350297,0.85344464,0.5238881,0.7510919,-0.36744958,0.96278584,0.44770703,0.8113397,-0.247376,0.8540804,0.53573155,0.78308713,-0.371675,0.9167264,crouching_low_sweep
0.2737313,0.5304677,-0.051570106,0.9999279,0.274352,0.5169877,-0.030385513,0.9998942,0.25946197,0.5322328,-0.033124097,0.99990714,0.28366733,0.5156591,0.08197819,0.99983275,0.25547245,0.54646677,0.07135275,0.9999163,0.2858153,0.5384268,-0.0100975465,0.99991065,0.2751793,0.54805905,-0.013021303,0.9999525,0.3380707,0.5346104,0.12620673,0.9999225,0.2666576,0.6216913,0.11502991,0.9999575,0.3706972,0.54985774,-0.02842601,0.89582366,0.28798658,0.7080584,0.10284801,0.8806033,0.31623882,0.58920705,-0.25985527,0.9353884,0.28288135,0.793764,-0.021229316,0.9043089,0.3967453,0.6847985,0.053385228,0.99986756,0.35261703,0.7237261,-0.053191878,0.99985904,0.4885605,0.65541404,-0.15399994,0.9124542,0.4061938,0.6133389,-0.33734065,0.98297673,0.45986414,0.8035118,-0.19873348,0.8482663,0.45601997,0.7709715,-0.40262046,0.95959353,0.44130927,0.8146365,-0.20534833,0.8576073,0.44665772,0.8093927,-0.41008162,0.9194764,crouching_low_sweep
0.26456958,0.53079474,-0.05399698,0.9999307,0.26551515,0.516991,-0.051832587,0.99989974,0.25016513,0.53420514,-0.052383102,0.9999108,0.27435562,0.51408225,0.03184402,0.9998448,0.24793692,0.5472752,0.040552523,0.99991953,0.2780866,0.5372587,-0.03356705,0.99991477,0.267755,0.54807353,-0.036739673,0.9999541,0.33285737,0.52493995,0.0601467,0.99992937,0.26750353,0.62162864,0.09687344,0.99995714,0.35671008,0.5590429,-0.08856244,0.90206647,0.2884422,0.7076062,0.12517235,0.8672749,0.30340752,0.58498096,-0.28752798,0.9382692,0.28293282,0.793181,0.049262647,0.8924926,0.39765024,0.66793483,0.023894463,0.99987996,0.35438353,0.7023674,-0.023795273,0.9998701,0.49862656,0.6693506,-0.23953266,0.91933525,0.3896978,0.6430446,-0.30411205,0.98331374,0.4559788,0.8020852,-0.14364542,0.8561206,0.39889845,0.79412466,-0.25465104,0.96022695,0.4370529,0.8147876,-0.1465716,0.8578889,0.38987136,0.8173647,-0.25017634,0.9179688,crouching_low_sweep
0.25663725,0.5319527,-0.15567635,0.99992895,0.2575229,0.5174368,-0.14796677,0.99990016,0.24293835,0.53668827,-0.14069574,0.9999081,0.2664461,0.5135754,-0.08036098,0.9998527,0.24174257,0.54957646,-0.042608898,0.9999194,0.26923472,0.5368341,-0.12967618,0.9999184,0.25887567,0.5483507,-0.11889346,0.9999531,0.3245213,0.5184714,-0.05735565,0.99993426,0.2680745,0.62293,0.018325295,0.99994004,0.35664806,0.5580062,-0.19223475,0.90958333,0.28985766,0.70738804,0.039681174,0.85492176,0.28545165,0.5823248,-0.36344963,0.9424676,0.28376278,0.7941914,-0.05138571,0.88323367,0.39786714,0.660627,0.0007980447,0.9998898,0.35054424,0.7030795,-0.0008615165,0.99987096,0.50958896,0.67439175,-0.2510504,0.92681855,0.36126956,0.74427986,-0.20770264,0.983365,0.45861736,0.7979875,-0.08509453,0.8638424,0.35359016,0.7994204,-0.0038585488,0.9485457,0.43962222,0.8116818,-0.06616358,0.8525286,0.3535394,0.8056864,0.019061934,0.9003466,crouching_low_sweep
0.25111294,0.53378284,0.075943805,0.99992794,0.25141257,0.51866853,0.08705835,0.99990064,0.23862019,0.53949344,0.096938394,0.99990946,0.26098758,0.5136672,0.13394465,0.9998597,0.23843718,0.55436206,0.18313229,0.9999231,0.26329416,0.5368746,0.0928226,0.99991953,0.2537618,0.54960245,0.10704949,0.9999511,0.31978944,0.5180179,0.10138638,0.99993885,0.26854676,0.62598926,0.19572142,0.9999241,0.3371206,0.5362948,-0.11171687,0.91117275,0.2930786,0.71109813,0.16111597,0.81745887,0.27947006,0.5786961,-0.27135584,0.9420577,0.285732,0.7975025,0.04954707,0.8667118,0.40043372,0.65922415,-0.010713286,0.9999002,0.35168478,0.7021954,0.01058967,0.9998805,0.513757,0.6792451,-0.2513513,0.9330777,0.3378955,0.78119063,-0.1819686,0.9835272,0.45543104,0.799666,-0.078187406,0.8635005,0.34359804,0.8202798,0.0031976637,0.93646026,0.43414292,0.81400335,-0.05755545,0.8399963,0.3486009,0.8256758,0.0252737,0.88492733,crouching_low_sweep
0.24703756,0.540707,0.01710637,0.99993217,0.24658015,0.52233607,0.020501006,0.99990594,0.2349778,0.54345423,0.00044556853,0.9999134,0.258155,0.5139336,0.016628936,0.9998704,0.23579267,0.55638736,0.08671636,0.99992675,0.25861147,0.54221225,0.004908926,0.999926,0.25097594,0.5544351,0.013858691,0.99995464,0.31576142,0.5169872,-0.0013985216,0.99994457,0.2689817,0.62433225,0.13891831,0.9999269,0.32607007,0.52514195,-0.20504165,0.9182431,0.2956995,0.71413195,0.14510813,0.79619277,0.27331823,0.5810288,-0.38737932,0.94628084,0.28649235,0.7968019,0.046563394,0.8620836,0.40921038,0.66352177,-0.01904138,0.99990964,0.35833618,0.70410085,0.019097866,0.9998904,0.5170015,0.6889276,-0.29466665,0.9387575,0.33533016,0.73689526,-0.31512725,0.98449975,0.45586818,0.8038855,-0.20671387,0.871255,0.33853427,0.83570457,-0.36395723,0.94159454,0.4365858,0.8199016,-0.19969065,0.845245,0.3467377,0.855764,-0.36935803,0.8940105,crouching_low_sweep
0.24481711,0.5411097,-0.15990955,0.9999359,0.2458134,0.52288395,-0.15442033,0.99991,0.23395959,0.54267246,-0.1385636,0.99991775,0.25989848,0.51406306,-0.10566926,0.99988025,0.23598094,0.555503,-0.022601897,0.9999292,0.25752312,0.543336,-0.14390974,0.9999321,0.24922708,0.55475384,-0.11971112,0.999958,0.3187595,0.5212786,-0.13408801,0.9999496,0.27172297,0.6230884,0.050042234,0.999926,0.3241388,0.5313549,-0.3474356,0.9257134,0.29646116,0.7134866,0.03290596,0.7791004,0.27155146,0.581735,-0.5105473,0.9507711,0.2863696,0.79606086,-0.09303959,0.85691375,0.4174238,0.67469066,-0.031826604,0.99991834,0.36204275,0.7055943,0.031765584,0.9999002,0.5191918,0.69594115,-0.27675256,0.9441696,0.3112094,0.7333971,-0.27374867,0.9841508,0.45785522,0.8043292,-0.13000599,0.87845784,0.34071928,0.8310182,-0.2723704,0.9454097,0.43538937,0.81768113,-0.107178226,0.85004956,0.3532243,0.85520214,-0.27900743,0.90159386,crouching_low_sweep
0.24570426,0.54220194,-0.15633005,0.99993974,0.24788308,0.5235127,-0.14451465,0.9999145,0.23464195,0.5421568,-0.13287716,0.9999231,0.26191682,0.5146685,-0.07280049,0.99988884,0.23605295,0.55479336,-0.016343543,0.9999324,0.2585728,0.54533213,-0.13115516,0.99993765,0.24970002,0.55630016,-0.11446533,0.9999614,0.31783682,0.5225461,-0.09272613,0.99995387,0.26875347,0.6241375,0.05550887,0.99992853,0.336268,0.5362237,-0.28380746,0.9325946,0.29595116,0.71541,0.05535332,0.7745451,0.27484408,0.58479667,-0.45349565,0.9552196,0.28722197,0.7966965,-0.059471183,0.86131585,0.41695532,0.6862198,-0.029550657,0.9999261,0.36455983,0.70735765,0.029500077,0.99990934,0.51645786,0.7103809,-0.28419006,0.94931793,0.30495209,0.72260886,-0.283802,0.98414755,0.45388994,0.8074812,-0.11780705,0.8856621,0.3456046,0.83203,-0.26658615,0.9489644,0.43407232,0.8179548,-0.09515654,0.85477966,0.3597549,0.85523945,-0.2678069,0.9076803,crouching_low_sweep
0.2500823,0.5426837,-0.19344112,0.9999446,0.25293833,0.52405125,-0.17755732,0.99992067,0.23890099,0.54369724,-0.17043482,0.9999295,0.26513574,0.51716286,-0.0910581,0.9998984,0.23886621,0.5561586,-0.054934002,0.9999375,0.26295727,0.5456282,-0.16263093,0.99994326,0.25319856,0.5589582,-0.15193589,0.99996483,0.31888387,0.52996904,-0.10461326,0.99995756,0.26765388,0.6264193,0.018973146,0.9999292,0.34026998,0.54410046,-0.28868878,0.93907446,0.29561463,0.7173957,-0.009685386,0.76952493,0.28034338,0.59988075,-0.4582416,0.95939213,0.2888833,0.79722065,-0.15175903,0.8646807,0.4153069,0.697328,-0.02583598,0.9999329,0.36426413,0.71622473,0.025722217,0.99991715,0.5122535,0.7408334,-0.253283,0.95390993,0.3007469,0.73120695,-0.242101,0.98364705,0.4476921,0.81072533,-0.03528321,0.8904495,0.3366786,0.8373098,-0.17598628,0.9517609,0.4291985,0.8184553,-0.01324569,0.8546859,0.3462788,0.85628265,-0.17152032,0.9128518,crouching_low_sweep
0.25246552,0.5500415,-0.16938499,0.9999457,0.25512084,0.53138405,-0.15234946,0.9999191,0.24019246,0.55050534,-0.14761227,0.9999319,0.26816556,0.5252694,-0.062730014,0.9998988,0.2431285,0.5601036,-0.03882319,0.99993324,0.2641435,0.5545929,-0.13723353,0.99994534,0.25453275,0.56645745,-0.13033578,0.9999665,0.3262018,0.5434777,-0.07513168,0.99995875,0.26787004,0.6329435,0.029481854,0.99992675,0.36534914,0.574626,-0.23302016,0.9448793,0.29549742,0.7223576,0.016384553,0.76109725,0.2943136,0.61686546,-0.40039867,0.96316886,0.2887135,0.7968735,-0.12006464,0.86859125,0.41494313,0.70876735,-0.020918299,0.9999388,0.36411604,0.7364205,0.020857008,0.999925,0.511394,0.7680702,-0.1883143,0.95760286,0.3002444,0.73267084,-0.29661277,0.9827093,0.43782908,0.8189406,0.111596346,0.8809962,0.3385244,0.83473176,-0.24233942,0.95352536,0.42114472,0.81834424,0.14263597,0.8402335,0.34435564,0.8527371,-0.2382519,0.9148599,crouching_low_sweep
0.26927495,0.55939007,-0.21701793,0.99994946,0.27425414,0.538995,-0.20140035,0.9999242,0.25559655,0.5572782,-0.19875677,0.99993706,0.2881447,0.5350158,-0.104268,0.9999051,0.25611448,0.56744313,-0.092405654,0.9999367,0.28292572,0.56511,-0.18050632,0.99995,0.27022105,0.5778295,-0.17743394,0.9999694,0.34393305,0.56428206,-0.08448004,0.9999594,0.27359325,0.6414773,-0.0014024518,0.9999306,0.4107338,0.6157391,-0.19421563,0.9500503,0.29602447,0.7306338,0.02974132,0.76099104,0.34529716,0.6468932,-0.3319198,0.9665435,0.28865126,0.7998402,-0.0816202,0.87470365,0.41952157,0.7244734,-0.016810257,0.999943,0.36842167,0.7552226,0.016714681,0.9999318,0.51004654,0.7898327,-0.1982704,0.9613181,0.2943249,0.7397289,-0.31609204,0.98352224,0.44553885,0.81455743,0.13169691,0.87721306,0.3543788,0.8466055,-0.21802028,0.95615256,0.429097,0.80751926,0.16843262,0.8305813,0.3597119,0.8531895,-0.20750825,0.9173105,crouching_low_sweep
0.2903304,0.5581513,-0.28794867,0.99994946,0.29700127,0.5384853,-0.2779174,0.99992114,0.277965,0.55435026,-0.27361506,0.9999383,0.31210485,0.53550357,-0.19345352,0.99990296,0.27348226,0.56513685,-0.17451414,0.99993294,0.30293208,0.5679503,-0.25398824,0.99995005,0.28953362,0.5773404,-0.24902447,0.9999699,0.36609048,0.57768446,-0.15611936,0.9999512,0.27919093,0.6386732,-0.0690002,0.9999299,0.43430257,0.63567436,-0.15585089,0.9541608,0.2980321,0.727413,0.00080484396,0.745298,0.3978506,0.6896802,-0.20271409,0.9680015,0.28826267,0.7970049,-0.06908174,0.8733238,0.42026848,0.72841656,-0.019072797,0.99994,0.36810026,0.7554764,0.018901318,0.9999361,0.50866145,0.78446,-0.111626826,0.963451,0.29532027,0.74159056,-0.2624187,0.9817601,0.44753647,0.8155962,0.23672943,0.86374235,0.35102302,0.84406567,-0.13679272,0.9549791,0.43218827,0.80765456,0.2735774,0.80694747,0.35606983,0.849564,-0.12400689,0.915142,crouching_low_sweep
0.31486785,0.53697807,-0.3573647,0.99995095,0.32132903,0.5185346,-0.34567702,0.9999221,0.30004874,0.5295018,-0.34872147,0.9999411,0.33332676,0.5184942,-0.24926765,0.99990684,0.29142803,0.54051214,-0.26150078,0.99993306,0.32712358,0.5502933,-0.31789652,0.99995184,0.31170052,0.55723685,-0.32156593,0.99997145,0.37804016,0.56905866,-0.20246513,0.9999474,0.28763708,0.6143347,-0.16426489,0.9999285,0.44774652,0.6227926,-0.19063257,0.9574072,0.29442632,0.7031138,-0.14702287,0.76033336,0.4406836,0.69900227,-0.2530315,0.9688181,0.26704323,0.7815613,-0.23607954,0.8825639,0.42375216,0.7183675,-0.015928699,0.999943,0.3676798,0.7321364,0.015837,0.9999406,0.5081577,0.77345073,-0.19867954,0.9668261,0.28854978,0.73743844,-0.19112739,0.98213243,0.4346834,0.79712105,0.087763965,0.8695743,0.33532363,0.83731246,-0.086310074,0.9583084,0.4197336,0.7863674,0.1085882,0.8067381,0.3567753,0.8487426,-0.076848365,0.91971874,crouching_low_sweep
0.33718872,0.49381208,-0.54512197,0.9999525,0.3412562,0.47375157,-0.5309973,0.9999185,0.32107824,0.48352498,-0.536211,0.99994105,0.34850848,0.4731614,-0.40620047,0.9999037,0.30842498,0.4907851,-0.42975003,0.99993336,0.34585187,0.5053181,-0.4933652,0.9999535,0.33283445,0.5114779,-0.50019944,0.9999728,0.3948661,0.52457887,-0.32149372,0.9999452,0.2878308,0.5632476,-0.29819283,0.9999286,0.46424642,0.6061303,-0.3318084,0.9608989,0.2863347,0.6730793,-0.27268854,0.782638,0.4631537,0.66789085,-0.4450612,0.9701021,0.24927716,0.76806086,-0.3754505,0.8930323,0.42682981,0.6808928,-0.014288446,0.9999381,0.367392,0.6946661,0.014163064,0.99993944,0.5076526,0.7605576,-0.24410029,0.96993196,0.29804793,0.7349714,-0.22681692,0.9830782,0.44115525,0.79320323,0.13730642,0.8783966,0.34057808,0.83483356,-0.018818138,0.96187544,0.42590666,0.7895124,0.17405298,0.81637555,0.35910735,0.8436292,0.002518472,0.9259045,crouching_low_sweep
0.35464638,0.44189087,-0.522765,0.9999476,0.35605848,0.42579624,-0.5060643,0.99988765,0.33924812,0.433475,-0.5108235,0.99992245,0.36023074,0.4282252,-0.3805862,0.9998551,0.3279152,0.443626,-0.40125054,0.999921,0.36193398,0.4553844,-0.47261125,0.9999475,0.35175645,0.4613277,-0.47851592,0.99996966,0.40741318,0.4835442,-0.29599002,0.9999345,0.2988724,0.52791035,-0.2748381,0.9999196,0.46724272,0.5389328,-0.32530206,0.95917827,0.2853859,0.64370036,-0.24584961,0.8033324,0.47622475,0.59206545,-0.47372484,0.96092266,0.25252452,0.7471989,-0.3272823,0.90185285,0.42567268,0.6478274,-0.0132013755,0.99991226,0.36625248,0.66083306,0.013082829,0.9999111,0.50659406,0.73505616,-0.28778714,0.97246265,0.304966,0.73764825,-0.25724068,0.9842627,0.44789377,0.7945887,0.08975364,0.88901913,0.34162125,0.8323147,0.036766656,0.9651561,0.42869705,0.79296833,0.121568084,0.826478,0.35776204,0.84334064,0.063698426,0.9311987,crouching_low_sweep
0.35600883,0.38776016,-0.5576428,0.9999511,0.35121626,0.3723721,-0.5372666,0.9998918,0.33927009,0.38432807,-0.5390843,0.9999235,0.35099208,0.3774396,-0.39488167,0.9998591,0.32643834,0.40019196,-0.3989916,0.9999228,0.36368793,0.39837033,-0.5025656,0.9999504,0.3552882,0.40856737,-0.5038232,0.9999704,0.4108258,0.43065012,-0.2966888,0.9999385,0.3081935,0.48675537,-0.2584738,0.9999167,0.46870303,0.4726454,-0.37177545,0.96142125,0.2962614,0.59424585,-0.22928818,0.8199791,0.48791942,0.50526434,-0.58156216,0.9571322,0.28436702,0.6874103,-0.32426986,0.90522444,0.42507735,0.616279,-0.013839197,0.9999109,0.3644421,0.6279489,0.013805402,0.9999062,0.5062875,0.7149462,-0.27187014,0.9746042,0.3118822,0.7366207,-0.24784145,0.9854768,0.44870275,0.79524076,0.10989998,0.8989622,0.3431286,0.8335437,0.09109594,0.9683861,0.42924196,0.7976434,0.14055105,0.8369704,0.35756916,0.84624785,0.117831744,0.9365637,crouching_low_sweep
0.34075558,0.3389881,-0.43024668,0.9999553,0.33408672,0.32729352,-0.40557176,0.9998997,0.32520133,0.3397039,-0.40716687,0.9999288,0.33656356,0.33531657,-0.27547994,0.9998701,0.31650335,0.35906246,-0.2732293,0.9999279,0.34919515,0.34916002,-0.37798366,0.9999543,0.34310454,0.356815,-0.37847567,0.99997175,0.39907768,0.37860724,-0.13474254,0.99994326,0.31610793,0.4461485,-0.18537842,0.99989253,0.45618272,0.4119526,-0.049694847,0.9643714,0.3094768,0.5435824,-0.25691986,0.8362188,0.49335486,0.433289,-0.12023525,0.9602767,0.34472394,0.60556096,-0.44056502,0.91126376,0.42779207,0.5843388,0.0039490177,0.99991596,0.36799023,0.5944611,-0.0039732233,0.9999035,0.50609577,0.6976979,-0.2873029,0.976994,0.3270408,0.72544414,-0.24404164,0.98681545,0.45322886,0.79581374,0.07184825,0.9085988,0.34162602,0.8343153,0.044510853,0.9714138,0.4307126,0.79904395,0.0952252,0.8491417,0.3550946,0.8467086,0.06490528,0.9407392,crouching_low_sweep
0.32920694,0.30493006,-0.37083197,0.99995774,0.32884124,0.29342636,-0.3470895,0.9999045,0.31462947,0.31011644,-0.3455591,0.99993074,0.33270934,0.29869407,-0.20802765,0.9998776,0.30784464,0.33139807,-0.1924446,0.9999313,0.33898875,0.3136246,-0.31376946,0.9999571,0.3316838,0.323925,-0.30801642,0.99997216,0.39511496,0.3375484,-0.06871518,0.9999464,0.31340045,0.40783682,-0.1590687,0.9998956,0.45836806,0.36970806,-0.101407506,0.9647588,0.3363035,0.49403948,-0.22971985,0.85189354,0.4985827,0.3815706,-0.29093766,0.9610613,0.3926433,0.53326356,-0.36171764,0.919171,0.42835838,0.5482878,0.01867628,0.99992085,0.36800244,0.55967146,-0.01854846,0.9999055,0.5057456,0.68383545,-0.194706,0.9790029,0.33939272,0.7111264,-0.08293457,0.98801285,0.45330215,0.796243,0.064627536,0.9170733,0.3419642,0.8336402,0.13111936,0.9741123,0.42927894,0.80657536,0.07793117,0.8613289,0.35468248,0.8483102,0.14564708,0.9439817,crouching_low_sweep
0.32687622,0.26297635,-0.1978272,0.9999574,0.32543775,0.25364316,-0.16869482,0.9999081,0.3112461,0.2663233,-0.17647798,0.99993056,0.3284964,0.25997323,-0.02433012,0.99988675,0.30389047,0.28980482,-0.050612886,0.99993354,0.335254,0.2732497,-0.1442567,0.9999588,0.3282896,0.28337285,-0.15170273,0.99997014,0.39102346,0.30972126,0.06302898,0.99993986,0.30707666,0.37594527,-0.077779606,0.99986255,0.45595473,0.34456432,-0.03366114,0.94292873,0.35236225,0.4499131,-0.18887803,0.86134976,0.49983484,0.3322104,-0.24979539,0.9447905,0.43597898,0.44531772,-0.2984108,0.92009073,0.42950282,0.529622,0.019435845,0.99992514,0.36799616,0.54587954,-0.019151831,0.9999089,0.49996895,0.67446923,-0.16686906,0.9806497,0.3428372,0.69944566,-0.0834039,0.98901397,0.4539214,0.79595363,0.090457745,0.92448777,0.34336558,0.83557564,0.14621696,0.97650784,0.4299163,0.81102306,0.10723939,0.8695913,0.3563375,0.8557916,0.16146049,0.9466368,idle
0.32405156,0.23445128,-0.20966038,0.9999605,0.323953,0.2209031,-0.1782693,0.9999159,0.3090082,0.23486811,-0.18144453,0.9999356,0.33015496,0.22404653,-0.020735167,0.999897,0.302273,0.25518623,-0.029135987,0.99993926,0.33448333,0.24563785,-0.15154102,0.99996173,0.3247815,0.25543225,-0.15396613,0.9999716,0.39432025,0.27856672,0.07412277,0.9999404,0.30756408,0.3381242,-0.03088158,0.99985564,0.45808482,0.33206844,-0.06610115,0.94230956,0.33455124,0.41056186,-0.18905465,0.8733847,0.49305457,0.30181745,-0.29191956,0.9470535,0.4218339,0.3792167,-0.3409008,0.92416936,0.4306214,0.4980808,0.013548625,0.99992734,0.36787683,0.5164673,-0.013297844,0.9999138,0.48132667,0.6636897,-0.09989072,0.9821023,0.3423011,0.6781241,-0.15093932,0.9899728,0.45537585,0.79619753,0.13143316,0.93121177,0.3432714,0.8355862,0.034125417,0.9787263,0.43256727,0.8147053,0.14390521,0.87560654,0.35699588,0.85664177,0.05635468,0.9493665,idle
0.32730165,0.19787899,-0.24692681,0.999963,0.32974195,0.18312766,-0.21912532,0.99992216,0.31189096,0.19516182,-0.22098628,0.9999399,0.33976007,0.18934962,-0.06276403,0.9999049,0.30452335,0.21421215,-0.067550406,0.99994403,0.33865705,0.21066277,-0.18861562,0.99996424,0.3255734,0.21926722,-0.19000705,0.9999733,0.4017706,0.2591488,0.04543172,0.99993706,0.3075859,0.3013384,-0.04379652,0.9998579,0.47249117,0.32254717,-0.10088529,0.9455749,0.33321714,0.39980584,-0.19515137,0.8853491,0.48672813,0.2695031,-0.3820219,0.9498574,0.3951736,0.33676034,-0.39464605,0.9308707,0.42871705,0.4871119,0.010802116,0.99992377,0.362391,0.50123125,-0.010592334,0.99991053,0.46237507,0.6536123,-0.06150161,0.9832936,0.33832264,0.6651892,-0.09214482,0.99081606,0.45535183,0.79629165,0.15770124,0.9372945,0.3356716,0.8348964,0.10240748,0.9806174,0.43586978,0.816002,0.1695895,0.8804344,0.34515876,0.85600626,0.11334447,0.94877285,idle
0.32958093,0.17639647,-0.27423143,0.9999561,0.33421415,0.16385697,-0.25106043,0.9999146,0.3159535,0.17327093,-0.2521733,0.9999272,0.34444764,0.17207208,-0.11169241,0.9998871,0.3087198,0.19215058,-0.11713453,0.99993044,0.3413306,0.19044058,-0.22371694,0.99995685,0.32744724,0.19799446,-0.224443,0.99996513,0.4028109,0.25070837,-0.0058523645,0.9999262,0.305688,0.27684128,-0.07069897,0.9998434,0.46133223,0.33105883,-0.12719917,0.9474312,0.30654868,0.38493142,-0.25907257,0.89598703,0.47231492,0.2873806,-0.42914128,0.95263416,0.3803033,0.319195,-0.5075556,0.9366505,0.41746074,0.4792392,0.011657129,0.99991095,0.35304454,0.490387,-0.01151344,0.9998927,0.44720125,0.6426726,-0.005361492,0.98386836,0.33692792,0.6569617,-0.012715156,0.99125916,0.45516992,0.79090065,0.21737525,0.9423916,0.32007822,0.81772035,0.20187227,0.98179454,0.4413868,0.81418645,0.23047276,0.8812574,0.32532218,0.8338863,0.21561626,0.9408346,idle
0.3328144,0.18917781,-0.3047012,0.9999583,0.33886608,0.17657214,-0.27880803,0.99991864,0.31938702,0.18344559,-0.28685272,0.9999306,0.34729168,0.18339358,-0.1245684,0.99988514,0.3100372,0.19672577,-0.14785552,0.9999341,0.3431236,0.20325975,-0.23375261,0.99995637,0.32788324,0.20787448,-0.25040966,0.9999663,0.40112644,0.2645668,0.012061769,0.9999215,0.2929011,0.2663896,-0.07625832,0.9998532,0.43133336,0.3608142,-0.029071769,0.93959147,0.25521225,0.37975642,-0.24580577,0.9061314,0.45533127,0.32217714,-0.2777499,0.95447385,0.30381936,0.3273111,-0.4849558,0.9426103,0.4000853,0.48510647,0.02890479,0.99990594,0.3355176,0.49502665,-0.028904602,0.9998801,0.44128156,0.63785595,-0.041444696,0.98477185,0.32876846,0.6610866,0.009035403,0.991608,0.45407557,0.7878384,0.15258648,0.9474004,0.30082816,0.8071193,0.2356457,0.9827282,0.44106755,0.8136111,0.17540029,0.88864195,0.30254978,0.82271504,0.25157124,0.93419063,idle
0.33402428,0.21379034,-0.3358107,0.9999611,0.34031507,0.2022342,-0.30273595,0.9999243,0.32026297,0.2055664,-0.3153581,0.99993557,0.3469475,0.2105717,-0.11955228,0.9998883,0.3090561,0.21849109,-0.16907357,0.999939,0.3420251,0.23024888,-0.25971153,0.9999558,0.32725054,0.23270568,-0.27993464,0.9999677,0.38245177,0.2946214,0.038206182,0.99990463,0.2870885,0.29406673,-0.109888054,0.99985534,0.39842343,0.38300532,0.033689093,0.90818214,0.2415152,0.3962701,-0.25946325,0.9149999,0.43162122,0.35986987,-0.1881648,0.94686824,0.27207774,0.3762446,-0.50575584,0.94740546,0.3786299,0.5118713,0.05284994,0.9999037,0.31510058,0.52178925,-0.05290292,0.9998662,0.43821844,0.6483327,-0.008422462,0.9855953,0.31381372,0.67068154,0.008695925,0.9918083,0.4534182,0.7888095,0.17588022,0.9519143,0.29112738,0.8022926,0.285102,0.9832378,0.44078296,0.8137519,0.1870797,0.895125,0.29024833,0.8144099,0.30676597,0.92289126,idle
0.33608136,0.22883381,-0.36392552,0.9999644,0.3430281,0.21578425,-0.33496517,0.99993086,0.32271588,0.21699964,-0.34655052,0.99994093,0.3479629,0.22434889,-0.15804116,0.9998961,0.30892977,0.22774152,-0.21652572,0.99994415,0.3425231,0.24702805,-0.29686916,0.99995893,0.32721317,0.24752097,-0.31397057,0.99997044,0.37312707,0.31274697,0.022927992,0.99990815,0.2827724,0.30621105,-0.14384179,0.999865,0.38956,0.40328696,-0.049271412,0.90779394,0.2389079,0.40672144,-0.27067035,0.9231759,0.4223303,0.3768286,-0.2973077,0.9504543,0.27337903,0.39380327,-0.5141505,0.95215416,0.3675304,0.52276593,0.046065517,0.99990463,0.30575734,0.5318679,-0.046072897,0.9998601,0.42956915,0.65270174,-0.016455624,0.9865037,0.3043171,0.6743597,0.05904007,0.991999,0.45169598,0.79226696,0.16452742,0.9559855,0.29188234,0.7969952,0.3472905,0.9835405,0.4389317,0.816033,0.15051459,0.90053564,0.2950335,0.81020653,0.36942947,0.9135526,idle
0.34941226,0.21267968,-0.31372023,0.9999676,0.349645,0.20103112,-0.28471938,0.99993694,0.33547777,0.20114331,-0.31125194,0.99994624,0.34705544,0.20975736,-0.11253943,0.99990404,0.31525746,0.2116429,-0.19876535,0.9999493,0.35086477,0.22933927,-0.24581353,0.99996203,0.34200042,0.22952384,-0.28060535,0.999973,0.36999324,0.29761446,0.043642838,0.9999132,0.28318036,0.28836787,-0.14062253,0.99987537,0.3876555,0.39386928,0.07226972,0.9013885,0.2399756,0.38852623,-0.2708396,0.9306751,0.4248754,0.36835435,-0.11301937,0.953102,0.2850477,0.37042046,-0.48588768,0.9566745,0.36945632,0.50908595,0.047460604,0.9999091,0.30672467,0.5169751,-0.04743716,0.9998627,0.4253481,0.64948726,-0.028038988,0.98769754,0.30234346,0.66774386,0.052415412,0.9924179,0.44808522,0.7937698,0.09761213,0.9600918,0.2912435,0.79382545,0.3461751,0.98417395,0.433944,0.81772196,0.09644408,0.9071219,0.2956328,0.8064592,0.3693851,0.9083287,idle
0.36413905,0.18340336,-0.21123353,0.9999694,0.36256886,0.17295128,-0.1896157,0.99994093,0.35126653,0.17213076,-0.20819688,0.9999488,0.35569122,0.18280932,-0.052346922,0.9999083,0.3332746,0.1831368,-0.14038503,0.99995214,0.3638361,0.20148507,-0.15753914,0.99996376,0.35661188,0.20077482,-0.18325362,0.9999746,0.3737352,0.2734919,0.058679163,0.99991983,0.28371537,0.2581435,-0.08593309,0.9998848,0.39974195,0.37173983,0.014015421,0.90634936,0.24974541,0.35822406,-0.21359015,0.9372435,0.43481913,0.3376376,-0.2250686,0.95700955,0.29293212,0.33546442,-0.44519886,0.96064216,0.3735853,0.4767451,0.04065997,0.9999041,0.31114048,0.47998932,-0.04063122,0.9998544,0.4184397,0.6346627,-0.0349547,0.98805565,0.30389303,0.6417014,-0.010680691,0.99191177,0.43991607,0.7887615,0.08917331,0.9629378,0.29199925,0.78605396,0.17769644,0.9842505,0.42609715,0.81260663,0.09191899,0.9061971,0.29353604,0.8021463,0.18608184,0.8978626,idle
0.38103828,0.17091766,-0.30925554,0.99996835,0.3806613,0.15995029,-0.29136857,0.9999392,0.3687218,0.15751442,-0.31370193,0.99994737,0.37293407,0.16776796,-0.14439438,0.9999015,0.34815952,0.16499592,-0.24082,0.9999525,0.38052058,0.18927388,-0.24898677,0.999962,0.3721134,0.18829869,-0.280988,0.9999747,0.39404556,0.25482285,0.010154555,0.9999212,0.29630643,0.23938307,-0.16605489,0.9998922,0.42846376,0.3598738,-0.033867285,0.9112637,0.25547862,0.34060514,-0.30863273,0.9432942,0.4602131,0.31798193,-0.31069565,0.96014374,0.2960283,0.31419802,-0.5446952,0.9642273,0.3799908,0.46628478,0.039817397,0.99985427,0.3175542,0.46842888,-0.0397965,0.9998245,0.42048255,0.63155407,0.027195167,0.9882193,0.3061198,0.64356893,-0.040276777,0.99212366,0.43517882,0.7823228,0.22002351,0.965397,0.2931827,0.7916433,0.12329608,0.9850857,0.42382812,0.80416197,0.23033419,0.9064928,0.29380065,0.80746835,0.13230716,0.8960208,idle
0.40412036,0.17835087,-0.2987228,0.99996984,0.40164608,0.1673617,-0.27949244,0.99994177,0.39221376,0.16620769,-0.30859196,0.9999499,0.39237133,0.17483506,-0.13627766,0.9999027,0.37112993,0.17440362,-0.22287281,0.9999549,0.40349612,0.19435957,-0.24029164,0.9999624,0.39668125,0.19384764,-0.28038082,0.99997574,0.41715685,0.26754123,0.0044577774,0.99992174,0.3170873,0.24504457,-0.147551,0.9998992,0.44923645,0.36931902,-0.040753644,0.9158623,0.270172,0.3532902,-0.2739692,0.9484578,0.48906383,0.32222292,-0.31163338,0.9631171,0.30685395,0.33196822,-0.51263994,0.967357,0.3869967,0.4821197,0.037716556,0.9998248,0.3220057,0.48093322,-0.037690632,0.9998114,0.42513508,0.6388406,0.05275201,0.9886308,0.30700073,0.6511162,-0.03972556,0.99255866,0.4378418,0.79537827,0.22487831,0.96802837,0.29464784,0.79188937,0.12819025,0.9861789,0.4275977,0.81774634,0.23293638,0.91008574,0.29670596,0.8135258,0.13668069,0.8991524,idle
0.41798934,0.19567157,-0.31582263,0.99997157,0.4161047,0.18526703,-0.2928726,0.9999448,0.40577427,0.1848607,-0.3135615,0.99995273,0.40870517,0.19367929,-0.14856388,0.999905,0.38618743,0.19520018,-0.23349528,0.99995744,0.41679755,0.21240994,-0.26096195,0.99996406,0.4101394,0.21245071,-0.2892127,0.99997723,0.43473658,0.28232926,-0.030261237,0.9999239,0.33646813,0.27365372,-0.17890659,0.99990535,0.46167192,0.40061235,-0.07849571,0.9214763,0.29305717,0.37626037,-0.32084242,0.95315224,0.5079752,0.32455808,-0.32937524,0.9660214,0.31703106,0.36246988,-0.5592358,0.9700088,0.40284452,0.49326286,0.040157087,0.99982184,0.33918077,0.49463567,-0.040121675,0.99981105,0.43004122,0.6656787,0.06600564,0.9888971,0.31423187,0.6554002,-0.013209999,0.9929116,0.43895778,0.810449,0.27164143,0.97019076,0.29666382,0.7947452,0.20386985,0.9869405,0.42776895,0.8328323,0.28368235,0.914446,0.2993296,0.8146286,0.21754591,0.89967173,idle
0.41433907,0.20308973,-0.34078383,0.9999743,0.42106408,0.19315465,-0.31436104,0.99995005,0.40272337,0.19146472,-0.32458514,0.99995726,0.42374215,0.20190197,-0.15586214,0.99991375,0.38855755,0.20022264,-0.22001262,0.99996156,0.41707063,0.21981865,-0.2813213,0.9999674,0.4039947,0.21866792,-0.2962643,0.9999794,0.4420515,0.28784725,-0.027347904,0.99992925,0.34367126,0.28000197,-0.1506923,0.99991345,0.46241856,0.41096884,-0.072475895,0.92691636,0.3030008,0.3831593,-0.25786376,0.957423,0.51032704,0.33121985,-0.32389206,0.9689466,0.32949156,0.37296012,-0.5170988,0.97263587,0.4148646,0.49879077,0.039134093,0.9998203,0.3491668,0.4995406,-0.039135873,0.99981207,0.43188605,0.675824,0.025533903,0.98928,0.31932956,0.65534306,-0.022274438,0.9930832,0.43974313,0.8164753,0.22957984,0.97172076,0.29759055,0.7958445,0.19055893,0.98721397,0.42829713,0.8343395,0.24129613,0.9139717,0.30060518,0.81279176,0.20457709,0.8923899,idle
0.40646338,0.19098358,-0.35687727,0.9999767,0.41489044,0.18191041,-0.33259517,0.9999547,0.3963788,0.17714976,-0.33899426,0.9999612,0.4219893,0.19296747,-0.174933,0.9999215,0.38084608,0.18559165,-0.21317811,0.9999652,0.41062576,0.20946266,-0.2968978,0.99997044,0.39686936,0.20513836,-0.306426,0.99998134,0.44351953,0.28478974,-0.036442615,0.99993443,0.33998752,0.26778668,-0.14721462,0.9999204,0.46638662,0.4061049,-0.09752682,0.9314439,0.3043195,0.3768876,-0.25881672,0.9611921,0.50844276,0.3402018,-0.36971158,0.97135496,0.3303705,0.3627448,-0.5225933,0.9750066,0.41464633,0.4953017,0.038049698,0.99982494,0.3471433,0.4894919,-0.038044337,0.99981123,0.4322144,0.6717216,0.018006463,0.9896747,0.3191019,0.65480155,-0.01635128,0.9933515,0.44021565,0.81292343,0.23524082,0.9734767,0.29786736,0.7870106,0.23452525,0.9874674,0.43058825,0.8310756,0.24844703,0.9139404,0.30071807,0.79679745,0.25334895,0.88577014,idle
0.39755172,0.18174607,-0.30716762,0.999979,0.40670896,0.17167237,-0.28642574,0.9999592,0.38642186,0.1673041,-0.2862994,0.999965,0.41549993,0.18254124,-0.13665712,0.9999293,0.3727042,0.17551608,-0.14610879,0.99996865,0.40245223,0.20165361,-0.25000745,0.99997336,0.38818696,0.19825505,-0.25176117,0.9999832,0.44066954,0.27773198,-0.013901593,0.9999407,0.33398643,0.25503907,-0.067580275,0.99992806,0.46504116,0.39841875,-0.10264647,0.9373756,0.29891777,0.36132145,-0.19146521,0.9645448,0.49764243,0.3333278,-0.40145093,0.97402877,0.31433052,0.34812173,-0.4904306,0.977211,0.4113678,0.49168527,0.028015539,0.99983454,0.34659475,0.48443243,-0.028122682,0.99982375,0.42998242,0.6672973,0.022071354,0.9902125,0.31055307,0.6552428,-0.05033968,0.99378437,0.44047874,0.8108976,0.23464361,0.9754913,0.29251653,0.7875799,0.1476109,0.9883562,0.4333722,0.8295178,0.24697378,0.9159752,0.29457793,0.79785144,0.15981987,0.88851285,idle
0.38879955,0.18168949,-0.29159546,0.9999811,0.40110716,0.1705681,-0.27234697,0.9999632,0.37905112,0.16998453,-0.27340075,0.99996847,0.40528813,0.18050298,-0.123552956,0.9999363,0.36965358,0.17935152,-0.13454755,0.99997175,0.40197173,0.19950297,-0.23383231,0.999976,0.37798423,0.19698933,-0.23675588,0.99998486,0.4342843,0.27403358,0.0046893777,0.9999461,0.3333729,0.2561005,-0.053644277,0.99993485,0.45931664,0.39763716,-0.10136417,0.94270086,0.29561874,0.37008289,-0.17295703,0.96715254,0.49209976,0.33105272,-0.40735158,0.9763967,0.29753974,0.35447988,-0.468803,0.97914135,0.40675706,0.492597,0.023990013,0.99983907,0.33541685,0.4883167,-0.024059307,0.999835,0.42340988,0.6656073,0.052793168,0.99089307,0.30189878,0.6666233,-0.04804053,0.99426454,0.44051242,0.809873,0.2546298,0.97751176,0.28572664,0.8209013,0.10341598,0.9893454,0.43384033,0.83028346,0.26570883,0.91989017,0.28701156,0.8474203,0.10948398,0.8935499,idle
0.36746353,0.18784858,-0.33633882,0.99998295,0.3806477,0.1773235,-0.32102248,0.99996674,0.35798573,0.17704906,-0.31722015,0.99997145,0.39555082,0.18711424,-0.1870567,0.9999424,0.34819135,0.18698685,-0.16038494,0.99997437,0.3755723,0.20536032,-0.2842213,0.9999783,0.35860753,0.20357081,-0.2792421,0.9999863,0.4286987,0.27911398,-0.08027862,0.9999501,0.31229466,0.26449084,-0.0816381,0.9999405,0.45607615,0.39453068,-0.20462747,0.9472976,0.28508073,0.3742623,-0.19511741,0.9689583,0.46771654,0.33663502,-0.5139126,0.97747755,0.27805576,0.35997826,-0.48118496,0.98028,0.3947638,0.49430406,0.008675707,0.99982786,0.32221842,0.48927265,-0.008815194,0.99983424,0.41887802,0.66778654,0.027849123,0.9915225,0.2965298,0.67442983,-0.04029888,0.9946756,0.44059858,0.8099268,0.24204728,0.97935015,0.27671498,0.83028203,0.13310967,0.99018276,0.43539,0.8300371,0.2561662,0.9214087,0.27953187,0.8555566,0.14395915,0.8966575,idle
0.35297474,0.19094203,-0.3472389,0.99998456,0.36475554,0.18062253,-0.32781824,0.9999699,0.34216905,0.18089749,-0.32669884,0.9999742,0.37699708,0.1901117,-0.18739113,0.9999479,0.33030733,0.19094783,-0.1742301,0.9999768,0.35940748,0.20740992,-0.29375854,0.9999804,0.344004,0.20609817,-0.29242152,0.9999876,0.41011596,0.2807383,-0.07542743,0.9999534,0.2954208,0.26507148,-0.089416526,0.9999457,0.43462676,0.3935789,-0.18577442,0.9506968,0.2587,0.37588534,-0.19662334,0.97167224,0.4413948,0.36174807,-0.5016344,0.97807795,0.26968312,0.362642,-0.47742146,0.9819419,0.38455284,0.49441922,0.008951934,0.99981683,0.3129112,0.489572,-0.009101187,0.99983263,0.42033395,0.66755974,0.021073794,0.99217707,0.29055542,0.6750432,-0.036547594,0.99507266,0.44061106,0.8093584,0.2567612,0.9810861,0.27226534,0.8318371,0.13973628,0.9909109,0.4353589,0.8293663,0.27246663,0.9230758,0.27502146,0.8549031,0.14997368,0.8972923,idle
0.34740365,0.18488583,-0.36698714,0.99998605,0.3588329,0.17189287,-0.34958926,0.9999728,0.33728242,0.17201948,-0.34824762,0.9999767,0.37205407,0.18296948,-0.20987026,0.99995303,0.3244338,0.18277682,-0.20244065,0.999979,0.35402054,0.20274504,-0.31257564,0.9999823,0.33875233,0.20133238,-0.31135207,0.9999888,0.4053262,0.2762744,-0.09314028,0.9999578,0.29075903,0.26367822,-0.092692114,0.9999506,0.4310538,0.38927233,-0.20505562,0.9551715,0.25417536,0.3769234,-0.20516539,0.97393703,0.44441128,0.3526892,-0.5238565,0.98004586,0.27402225,0.35884428,-0.4980871,0.9833229,0.3856583,0.4888009,0.0068630883,0.9998196,0.31264013,0.48940435,-0.0069723604,0.9998353,0.4232603,0.6625749,0.005134593,0.9927748,0.29345688,0.6710545,-0.031970378,0.99535316,0.44328648,0.80499566,0.25575227,0.98265505,0.27380368,0.827962,0.14464763,0.9914824,0.43827218,0.8241164,0.2693753,0.9232662,0.27450722,0.84960324,0.15505244,0.89737767,idle
0.3487433,0.17408334,-0.35514924,0.99998736,0.36110586,0.16080575,-0.33583888,0.9999753,0.3383966,0.1598118,-0.3365985,0.9999788,0.3731076,0.1718741,-0.19061409,0.99995726,0.32594067,0.17141066,-0.19945537,0.99998087,0.35691282,0.19464353,-0.29899988,0.99998385,0.34043723,0.19277348,-0.30075926,0.9999898,0.4059464,0.26270556,-0.071902625,0.9999601,0.2934141,0.25554144,-0.09457917,0.9999546,0.43132335,0.3780621,-0.20426595,0.9585993,0.25871602,0.3696486,-0.21584046,0.97604,0.45131984,0.31958535,-0.53389454,0.98157203,0.27931064,0.34012744,-0.5115322,0.98462826,0.39138454,0.48195007,0.008091787,0.9998116,0.31362215,0.4877755,-0.00815032,0.9998403,0.43153,0.65088344,0.005084779,0.9930027,0.2957465,0.6708036,-0.05879878,0.9955413,0.45377326,0.80390537,0.20743208,0.9837001,0.27502534,0.8303035,0.08278971,0.99199843,0.44629112,0.82413423,0.2166125,0.9235076,0.27626735,0.85622823,0.08825015,0.8997603,idle
